'00852',0.00010145074566297733
'01081',0.00011594370932911694
'01082',0.00011594370932911694
'01149',5.797185466455847e-05
'01150',5.797185466455847e-05
'01151',5.797185466455847e-05
'01152',5.797185466455847e-05
'01153',0.0001739155639936754
'01154',0.0001739155639936754
'01156',0.0003623240916534905
'01401',0.000304352236988932
'01402',0.000304352236988932
'01419',0.00027536630965665273
'01420',0.00027536630965665273
'01427',0.00011594370932911694
'01428',0.00011594370932911694
'01655',0.00018840852765981503
'01656',0.00018840852765981503
'01711',0.00021739445499209428
'01712',0.00023188741865823388
'01713',0.0001594226003275358
'01714',0.00018840852765981503
'02111',0.00018840852765981503
'02112',0.0001594226003275358
'02509',0.0002463803823243735
'02510',0.00027536630965665273
'02511',0.0003623240916534905
'02512',0.0003623240916534905
'02590',0.0001739155639936754
'02779',0.0003188452006550716
'02853',0.00011594370932911694
'02873',0.00011594370932911694
'02874',0.00011594370932911694
'02877',0.00018840852765981503
'02878',0.00018840852765981503
'02882',0.00010145074566297733
'03235',0.0003913100189857697
'03236',0.000420295946318049
'03401',0.0003913100189857697
'03402',0.0003913100189857697
'04401',0.0001739155639936754
'04402',0.0001739155639936754
'04403',7.24648183306981e-05
'04404',7.24648183306981e-05
'04405',7.24648183306981e-05
'04406',7.24648183306981e-05
'04407',0.00020290149132595465
'04408',0.00020290149132595465
'04413',0.0001739155639936754
'04414',0.0001739155639936754
'04415',0.00020290149132595465
'04416',0.00020290149132595465
'04735',0.00026087334599051316
'04736',0.00026087334599051316
'04801',0.0001594226003275358
'04802',0.0001594226003275358
'04923',0.00013043667299525658
'04924',0.00013043667299525658
'04927',0.00011594370932911694
'04928',0.00011594370932911694
'04941',0.0001739155639936754
'04942',0.0001739155639936754
'05010',0.00037681705531963006
'05027',0.00010145074566297733
'05028',0.00010145074566297733
'05065',0.00020290149132595465
'05066',0.00020290149132595465
'05115',0.0003188452006550716
'05116',0.0003188452006550716
'05817',0.00011594370932911694
'05818',0.00011594370932911694
'05967',0.0004058029826519093
'05968',0.0004058029826519093
'06063',0.00020290149132595465
'06064',0.00021739445499209428
'06065',0.00023188741865823388
'06066',0.00021739445499209428
'06228',0.00021739445499209428
'06335',0.000840591892636098
'06336',0.000840591892636098
'06541',0.0002898592733227924
'06542',0.00021739445499209428
'06543',0.0001594226003275358
'06544',0.0001594226003275358
'06948',0.00013043667299525658
'07239',0.0001739155639936754
'07265',0.00020290149132595465
'07301',0.00021739445499209428
'07323',0.00026087334599051316
'07324',0.00026087334599051316
'07703',0.00026087334599051316
'07704',0.00026087334599051316
'07707',0.00033333816432121123
'07708',0.00033333816432121123
'07710',0.0004058029826519093
'07711',0.0003188452006550716
'07712',0.0003623240916534905
'07713',0.0002463803823243735
'07714',0.00018840852765981503
'07717',0.0002463803823243735
'07718',0.0002463803823243735
'07719',0.0001594226003275358
'07720',0.00011594370932911694
'07723',0.000304352236988932
'07724',0.0002898592733227924
'08010',0.00013043667299525658
'08243',0.00047826780098260744
'08244',0.00047826780098260744
'08245',0.00047826780098260744
'08246',0.00047826780098260744
'08295',0.00023188741865823388
'08301',0.00037681705531963006
'08302',0.00037681705531963006
'08401',0.00013043667299525658
'08402',0.00013043667299525658
'08449',0.00021739445499209428
'08450',0.00021739445499209428
'08501',0.00020290149132595465
'08502',0.00020290149132595465
'08891',0.0005942115103117244
'08892',0.0003188452006550716
'09607',8.69577819968377e-05
'09608',8.69577819968377e-05
'09627',0.00020290149132595465
'09628',0.00020290149132595465
'09721',0.0001739155639936754
'09722',0.0001739155639936754
'09807',0.0001739155639936754
'09808',0.0001594226003275358
'10001',0.0001739155639936754
'10002',0.0001739155639936754
'10103',0.0003188452006550716
'10104',0.0003188452006550716
'10111',0.000304352236988932
'10112',0.000304352236988932
'10215',0.00020290149132595465
'10216',0.00020290149132595465
'11003',0.0003188452006550716
'11004',0.0003188452006550716
'11005',0.0005652255829794451
'11006',0.0005507326193133055
'11007',0.0001739155639936754
'11008',0.0001594226003275358
'11009',0.0001739155639936754
'11010',0.0001594226003275358
'11011',0.00023188741865823388
'11012',0.00023188741865823388
'11013',0.0005072537283148866
'11014',0.0005072537283148866
'11015',0.0006956622559747016
'11016',0.0006666763286424225
'11017',0.00046377483731646776
'11018',0.00046377483731646776
'11019',0.0007826200379715394
'11020',0.0005652255829794451
'11021',0.0005797185466455848
'11022',0.0005652255829794451
'11023',0.000420295946318049
'11024',0.0004492818736503282
'11025',0.00027536630965665273
'11026',0.00027536630965665273
'11027',0.0007536341106392601
'11028',0.0007536341106392601
'11029',0.0005072537283148866
'11030',0.0005072537283148866
'11031',7.24648183306981e-05
'11032',7.24648183306981e-05
'11033',0.00046377483731646776
'11034',0.00043478890998418856
'11035',0.0003913100189857697
'11036',0.00037681705531963006
'11037',0.00027536630965665273
'11038',0.0002463803823243735
'11039',0.0017681415672690334
'11040',0.0009565356019652149
'11041',0.0005507326193133055
'11042',0.0005072537283148866
'11043',0.0004058029826519093
'11044',0.0004058029826519093
'11045',0.0005652255829794451
'11046',0.0005507326193133055
'11047',0.00023188741865823388
'11048',0.00021739445499209428
'11049',0.00026087334599051316
'11050',0.00026087334599051316
'11051',0.0001594226003275358
'11052',0.00013043667299525658
'11053',0.0002463803823243735
'11054',0.0002463803823243735
'11055',0.0003478311279873508
'11056',0.00033333816432121123
'11057',0.0014203104392816828
'11058',0.0013043667299525656
'11059',0.00037681705531963006
'11060',0.0003478311279873508
'11061',0.0005362396556471659
'11062',0.0005072537283148866
'11063',0.00026087334599051316
'11064',0.00020290149132595465
'11065',0.0005797185466455848
'11066',0.0005507326193133055
'11067',0.0003623240916534905
'11068',0.0002898592733227924
'11069',0.0003623240916534905
'11070',0.0003623240916534905
'11071',0.0006376904013101432
'11072',0.0005942115103117244
'11073',0.00026087334599051316
'11074',0.0002463803823243735
'11075',0.00018840852765981503
'11076',0.00018840852765981503
'11077',0.0009565356019652149
'11078',0.0009420426382990752
'11081',0.0002898592733227924
'11082',0.0002898592733227924
'11087',0.00037681705531963006
'11088',0.00037681705531963006
'11089',0.0003913100189857697
'11090',0.0003913100189857697
'11091',0.0003478311279873508
'11092',0.0003478311279873508
'11093',0.0004058029826519093
'11094',0.0003913100189857697
'11095',0.0002463803823243735
'11096',0.0002463803823243735
'11097',0.000492760764648747
'11098',0.00047826780098260744
'11101',0.00033333816432121123
'11102',0.00033333816432121123
'11103',0.000304352236988932
'11104',0.000304352236988932
'11105',0.0003188452006550716
'11106',0.0003188452006550716
'11107',0.00043478890998418856
'11108',0.0005217466919810263
'11109',0.0001594226003275358
'11110',0.0001594226003275358
'11111',0.0001594226003275358
'11112',0.0001594226003275358
'11123',0.0007101552196408414
'11124',0.0007101552196408414
'11125',0.0001739155639936754
'11126',0.0001449296366613962
'11201',0.0003913100189857697
'11202',0.0003913100189857697
'11203',0.0004058029826519093
'11204',0.0004058029826519093
'11205',0.000304352236988932
'11206',0.0002898592733227924
'11207',0.00023188741865823388
'11208',0.00023188741865823388
'11265',0.00020290149132595465
'11266',0.00020290149132595465
'11271',0.0006521833649762828
'11272',0.0006521833649762828
'11301',0.0005217466919810263
'11302',0.0005072537283148866
'11303',0.0005362396556471659
'11304',0.0005507326193133055
'11305',0.00011594370932911694
'11306',0.00011594370932911694
'11401',0.000492760764648747
'11402',0.000492760764648747
'11403',0.00033333816432121123
'11404',0.0003188452006550716
'11405',0.00026087334599051316
'11406',0.00026087334599051316
'11407',0.0002463803823243735
'11408',0.0002463803823243735
'11423',0.00026087334599051316
'11424',0.0002463803823243735
'11447',0.0006231974376440035
'11448',0.0006376904013101432
'11449',0.00046377483731646776
'11450',0.000420295946318049
'11451',0.0001449296366613962
'11452',0.0001449296366613962
'11453',0.00020290149132595465
'11454',0.00020290149132595465
'11463',0.0007101552196408414
'11464',0.0007101552196408414
'11465',0.000681169292308562
'11466',0.0006956622559747016
'11471',0.00027536630965665273
'11472',0.00027536630965665273
'11651',0.00018840852765981503
'11652',0.00018840852765981503
'11701',0.00023188741865823388
'11702',0.00023188741865823388
'11703',0.0002463803823243735
'11704',0.0002463803823243735
'12001',0.0001594226003275358
'12002',0.0001449296366613962
'12003',0.00010145074566297733
'12004',0.00010145074566297733
'12005',7.24648183306981e-05
'12006',7.24648183306981e-05
'12007',4.347889099841885e-05
'12008',4.347889099841885e-05
'12009',0.00013043667299525658
'12010',0.00013043667299525658
'12011',8.69577819968377e-05
'12012',8.69577819968377e-05
'12013',0.00011594370932911694
'12014',0.00011594370932911694
'12015',0.00011594370932911694
'12016',0.00011594370932911694
'12017',0.00013043667299525658
'12018',0.00013043667299525658
'12019',0.0001449296366613962
'12020',0.0001449296366613962
'12021',0.0001449296366613962
'12022',0.0001449296366613962
'12023',0.00020290149132595465
'12024',0.00020290149132595465
'12025',0.00011594370932911694
'12026',0.00013043667299525658
'12027',5.797185466455847e-05
'12028',5.797185466455847e-05
'12029',0.00011594370932911694
'12030',0.00011594370932911694
'12031',0.00013043667299525658
'12032',0.00011594370932911694
'12033',5.797185466455847e-05
'12034',5.797185466455847e-05
'12035',5.797185466455847e-05
'12036',5.797185466455847e-05
'12037',0.00010145074566297733
'12038',0.00010145074566297733
'12039',0.00011594370932911694
'12040',0.00011594370932911694
'12041',0.00011594370932911694
'12042',0.00011594370932911694
'12043',0.00011594370932911694
'12044',0.00011594370932911694
'12045',4.347889099841885e-05
'12046',4.347889099841885e-05
'12047',8.69577819968377e-05
'12048',8.69577819968377e-05
'12051',0.0001449296366613962
'12052',0.0001449296366613962
'12053',0.0001594226003275358
'12054',0.0001594226003275358
'12055',0.0001594226003275358
'12056',0.0001449296366613962
'12057',0.00020290149132595465
'12058',0.00021739445499209428
'12059',0.0001449296366613962
'12060',0.0001449296366613962
'12061',0.0001449296366613962
'12062',0.0001449296366613962
'12063',0.0001594226003275358
'12064',0.0001594226003275358
'12065',0.0001594226003275358
'12066',0.0001449296366613962
'12067',0.0001594226003275358
'12068',0.0001594226003275358
'12069',0.00021739445499209428
'12070',0.00021739445499209428
'12071',0.00010145074566297733
'12072',0.00010145074566297733
'12073',0.00013043667299525658
'12074',0.00013043667299525658
'12075',0.00020290149132595465
'12076',0.00018840852765981503
'12077',0.0001449296366613962
'12078',0.0001449296366613962
'12079',0.0001594226003275358
'12080',0.0001594226003275358
'12081',0.00023188741865823388
'12082',0.00023188741865823388
'12083',0.0001449296366613962
'12084',0.0001449296366613962
'12101',0.00023188741865823388
'12102',0.00023188741865823388
'12103',0.00020290149132595465
'12104',0.00018840852765981503
'12105',0.0003478311279873508
'12106',0.0003623240916534905
'12107',0.0001594226003275358
'12108',0.0001594226003275358
'12109',0.0001449296366613962
'12110',0.0001449296366613962
'12111',0.00021739445499209428
'12112',0.00021739445499209428
'12113',0.0001449296366613962
'12114',0.00013043667299525658
'12115',0.00023188741865823388
'12116',0.00021739445499209428
'12117',0.0001449296366613962
'12118',0.0001449296366613962
'12121',0.00011594370932911694
'12122',0.00010145074566297733
'12123',8.69577819968377e-05
'12124',7.24648183306981e-05
'12125',0.00013043667299525658
'12126',0.00011594370932911694
'12127',0.00010145074566297733
'12128',8.69577819968377e-05
'12129',0.0004492818736503282
'12130',0.00043478890998418856
'12131',0.0001449296366613962
'12132',0.0001449296366613962
'12133',0.0002463803823243735
'12134',0.00023188741865823388
'12135',0.00026087334599051316
'12136',0.00026087334599051316
'12137',0.0008116059653038186
'12138',0.0007826200379715394
'12139',0.000681169292308562
'12140',0.00047826780098260744
'12141',0.00018840852765981503
'12142',0.0001739155639936754
'12143',0.00020290149132595465
'12144',0.00020290149132595465
'12145',0.0003913100189857697
'12146',0.0004058029826519093
'12147',0.0003478311279873508
'12148',0.00033333816432121123
'12149',0.0003623240916534905
'12150',0.00027536630965665273
'12151',0.0003623240916534905
'12152',0.0003623240916534905
'12153',0.0001449296366613962
'12154',0.0001594226003275358
'12155',0.0001449296366613962
'12156',0.0001449296366613962
'12157',5.797185466455847e-05
'12158',5.797185466455847e-05
'12159',0.000304352236988932
'12160',0.000304352236988932
'12161',0.000304352236988932
'12162',0.0003188452006550716
'12163',0.0003623240916534905
'12164',0.00033333816432121123
'12165',0.00021739445499209428
'12166',0.00021739445499209428
'12167',0.00020290149132595465
'12168',0.00018840852765981503
'12169',8.69577819968377e-05
'12170',8.69577819968377e-05
'12171',0.0001594226003275358
'12172',0.0001594226003275358
'12173',0.00018840852765981503
'12174',0.00018840852765981503
'12175',0.00046377483731646776
'12176',0.00046377483731646776
'12177',0.0005072537283148866
'12178',0.0005072537283148866
'12179',0.00018840852765981503
'12180',0.00018840852765981503
'12181',0.00033333816432121123
'12182',0.0003623240916534905
'12183',0.0001594226003275358
'12184',0.0001594226003275358
'12185',0.00023188741865823388
'12186',0.00023188741865823388
'12187',0.00021739445499209428
'12188',0.00021739445499209428
'12189',0.00043478890998418856
'12190',0.000420295946318049
'12191',0.0003478311279873508
'12192',0.0003478311279873508
'12193',0.000304352236988932
'12194',0.0002898592733227924
'12195',0.00020290149132595465
'12196',0.00020290149132595465
'12197',0.0001594226003275358
'12198',0.0001594226003275358
'12201',0.0003623240916534905
'12202',0.0003623240916534905
'12203',0.0003478311279873508
'12204',0.0003623240916534905
'12205',0.00011594370932911694
'12206',0.00011594370932911694
'12207',0.00023188741865823388
'12208',0.00023188741865823388
'12209',0.00013043667299525658
'12210',0.00013043667299525658
'12211',0.0001739155639936754
'12212',0.0001739155639936754
'12213',0.00027536630965665273
'12214',0.00027536630965665273
'12215',0.00026087334599051316
'12216',0.00026087334599051316
'12217',0.000304352236988932
'12218',0.000304352236988932
'12219',8.69577819968377e-05
'12220',8.69577819968377e-05
'12221',0.00011594370932911694
'12222',0.00011594370932911694
'12223',0.00011594370932911694
'12224',5.797185466455847e-05
'12225',0.00023188741865823388
'12226',0.00023188741865823388
'12227',2.8985927332279235e-05
'12228',2.8985927332279235e-05
'12229',0.0001449296366613962
'12230',0.0001449296366613962
'12231',0.00021739445499209428
'12232',0.00021739445499209428
'12235',0.00037681705531963006
'12236',0.00037681705531963006
'12237',0.0001594226003275358
'12238',0.0001594226003275358
'12239',0.00013043667299525658
'12240',2.8985927332279235e-05
'12241',0.00010145074566297733
'12242',0.00010145074566297733
'12243',0.00010145074566297733
'12244',0.00010145074566297733
'12245',0.00011594370932911694
'12246',8.69577819968377e-05
'12247',0.00010145074566297733
'12248',0.00010145074566297733
'12249',0.0001449296366613962
'12250',0.00013043667299525658
'12251',0.0003913100189857697
'12252',0.00037681705531963006
'12253',0.0004058029826519093
'12254',0.0004492818736503282
'12257',0.000304352236988932
'12258',0.000304352236988932
'12259',7.24648183306981e-05
'12260',5.797185466455847e-05
'12261',8.69577819968377e-05
'12262',7.24648183306981e-05
'12263',0.00010145074566297733
'12264',7.24648183306981e-05
'12265',2.8985927332279235e-05
'12266',2.8985927332279235e-05
'12267',2.8985927332279235e-05
'12268',2.8985927332279235e-05
'12269',4.347889099841885e-05
'12270',4.347889099841885e-05
'12273',7.24648183306981e-05
'12274',5.797185466455847e-05
'12275',5.797185466455847e-05
'12276',5.797185466455847e-05
'12277',0.00013043667299525658
'12278',0.00011594370932911694
'12279',0.0001594226003275358
'12280',0.0001594226003275358
'12281',0.00010145074566297733
'12282',0.00011594370932911694
'12283',7.24648183306981e-05
'12284',7.24648183306981e-05
'12285',8.69577819968377e-05
'12286',4.347889099841885e-05
'12287',0.00037681705531963006
'12288',0.00043478890998418856
'12289',7.24648183306981e-05
'12290',7.24648183306981e-05
'12291',0.00011594370932911694
'12292',0.00011594370932911694
'12293',8.69577819968377e-05
'12294',4.347889099841885e-05
'12295',0.0005507326193133055
'12296',0.0005217466919810263
'12297',2.8985927332279235e-05
'12298',7.24648183306981e-05
'12301',0.0001594226003275358
'12302',0.0001449296366613962
'12303',0.0003913100189857697
'12304',0.0003913100189857697
'12305',0.0001594226003275358
'12306',0.0001594226003275358
'12307',0.0004492818736503282
'12308',0.0003913100189857697
'12309',0.00011594370932911694
'12310',0.00011594370932911694
'12311',0.0005652255829794451
'12312',0.0005797185466455848
'12313',0.0001594226003275358
'12314',0.0001449296366613962
'12315',0.0003623240916534905
'12316',0.00033333816432121123
'12317',0.0003478311279873508
'12318',0.00033333816432121123
'12319',0.0001739155639936754
'12320',0.00018840852765981503
'12321',0.0007101552196408414
'12322',0.000724648183306981
'12323',0.0001739155639936754
'12324',0.00020290149132595465
'12325',0.0002463803823243735
'12326',0.00026087334599051316
'12327',0.00027536630965665273
'12328',0.00027536630965665273
'12329',0.00013043667299525658
'12330',0.00013043667299525658
'12331',0.00046377483731646776
'12332',0.00046377483731646776
'12333',0.00043478890998418856
'12334',0.00043478890998418856
'12335',0.0005652255829794451
'12336',0.0005652255829794451
'12337',5.797185466455847e-05
'12338',5.797185466455847e-05
'12339',0.00018840852765981503
'12340',0.00018840852765981503
'12341',0.00010145074566297733
'12342',0.00010145074566297733
'12343',0.00020290149132595465
'12344',0.00018840852765981503
'12345',0.00020290149132595465
'12346',0.00020290149132595465
'12347',0.00013043667299525658
'12348',0.00013043667299525658
'12349',0.00021739445499209428
'12350',0.00020290149132595465
'12351',0.00037681705531963006
'12352',0.00037681705531963006
'12353',0.00026087334599051316
'12354',0.0002463803823243735
'12355',0.00027536630965665273
'12356',0.00027536630965665273
'12357',0.00020290149132595465
'12358',0.00020290149132595465
'12359',0.00018840852765981503
'12360',0.00018840852765981503
'12361',0.00027536630965665273
'12362',0.00027536630965665273
'12363',0.0001594226003275358
'12364',0.0001594226003275358
'12365',0.0001449296366613962
'12366',0.0001449296366613962
'12367',0.0002898592733227924
'12368',0.0002898592733227924
'12369',0.00026087334599051316
'12370',0.00026087334599051316
'12371',0.0004492818736503282
'12372',0.000420295946318049
'12373',0.00011594370932911694
'12374',0.00011594370932911694
'12375',0.0003913100189857697
'12376',0.0004058029826519093
'12377',0.00011594370932911694
'12378',0.00011594370932911694
'12379',0.00020290149132595465
'12380',0.00020290149132595465
'12381',0.00033333816432121123
'12382',0.00033333816432121123
'12383',0.00013043667299525658
'12384',0.00013043667299525658
'12389',0.00026087334599051316
'12390',0.0002463803823243735
'12391',0.000492760764648747
'12392',0.000492760764648747
'12393',0.00011594370932911694
'12394',8.69577819968377e-05
'12395',0.00020290149132595465
'12396',0.00021739445499209428
'12397',0.00023188741865823388
'12398',0.0002463803823243735
'12401',0.000420295946318049
'12402',0.000420295946318049
'12403',0.00026087334599051316
'12404',0.0002463803823243735
'12405',0.0004058029826519093
'12406',0.0004058029826519093
'12409',0.000492760764648747
'12410',0.000492760764648747
'12411',0.00011594370932911694
'12412',0.00011594370932911694
'12413',0.000304352236988932
'12414',0.0003188452006550716
'12415',0.000304352236988932
'12416',0.0002898592733227924
'12417',0.00011594370932911694
'12418',0.00011594370932911694
'12419',0.0002463803823243735
'12420',0.0002463803823243735
'12421',0.00033333816432121123
'12422',0.00033333816432121123
'12423',0.0003188452006550716
'12424',0.0003188452006550716
'12425',8.69577819968377e-05
'12426',8.69577819968377e-05
'12427',0.0001739155639936754
'12428',0.0001739155639936754
'12429',8.69577819968377e-05
'12430',8.69577819968377e-05
'12431',0.00027536630965665273
'12432',0.00027536630965665273
'12433',0.0001449296366613962
'12434',0.00013043667299525658
'12435',0.00037681705531963006
'12436',0.00037681705531963006
'12437',0.00010145074566297733
'12438',0.00010145074566297733
'12439',0.0001594226003275358
'12440',0.0001739155639936754
'12441',0.00013043667299525658
'12442',0.0001449296366613962
'12443',0.00020290149132595465
'12444',0.00018840852765981503
'12445',0.0001449296366613962
'12446',0.0001449296366613962
'12447',0.0001739155639936754
'12448',0.00020290149132595465
'12449',0.00021739445499209428
'12450',0.00020290149132595465
'12451',4.347889099841885e-05
'12452',4.347889099841885e-05
'12453',0.00011594370932911694
'12454',0.00013043667299525658
'12455',0.000304352236988932
'12456',0.000304352236988932
'12457',0.00021739445499209428
'12458',0.00021739445499209428
'12459',0.00021739445499209428
'12460',0.0002463803823243735
'12461',0.00026087334599051316
'12462',0.00023188741865823388
'12463',0.00018840852765981503
'12464',0.00013043667299525658
'12465',0.0003913100189857697
'12466',0.000420295946318049
'12467',0.00021739445499209428
'12468',0.00021739445499209428
'12469',0.00020290149132595465
'12470',0.00020290149132595465
'12471',0.0003623240916534905
'12472',0.0003478311279873508
'12473',0.0003478311279873508
'12474',0.00033333816432121123
'12475',0.000420295946318049
'12476',0.000420295946318049
'12477',0.000420295946318049
'12478',0.000420295946318049
'12479',0.0002463803823243735
'12480',0.0002463803823243735
'12481',0.00023188741865823388
'12482',0.00023188741865823388
'12483',0.00037681705531963006
'12484',0.00037681705531963006
'12485',0.00037681705531963006
'12486',0.00037681705531963006
'12487',0.00026087334599051316
'12488',0.0003623240916534905
'12489',0.0002898592733227924
'12490',0.0002898592733227924
'12491',0.00027536630965665273
'12492',0.0002898592733227924
'12495',0.000304352236988932
'12496',0.000304352236988932
'12497',0.0001739155639936754
'12498',0.00018840852765981503
'12501',0.00027536630965665273
'12502',0.0002463803823243735
'12505',0.0004492818736503282
'12506',0.00043478890998418856
'12507',0.0007826200379715394
'12508',0.000724648183306981
'12509',0.000608704473977864
'12510',0.000608704473977864
'12511',0.0008985637473006564
'12512',0.0009130567109667959
'12513',0.00046377483731646776
'12514',0.0004492818736503282
'12515',0.0007681270743053998
'12516',0.0007681270743053998
'12517',0.00020290149132595465
'12518',0.00020290149132595465
'12519',0.000420295946318049
'12520',0.0003913100189857697
'12521',0.0009275496746329355
'12522',0.0009275496746329355
'12523',0.00027536630965665273
'12524',0.00027536630965665273
'12525',0.0003623240916534905
'12526',0.0003478311279873508
'12531',0.0001739155639936754
'12532',0.0001739155639936754
'12533',0.00023188741865823388
'12534',0.00021739445499209428
'12535',0.00018840852765981503
'12536',0.00018840852765981503
'12537',0.00018840852765981503
'12538',0.00018840852765981503
'12539',0.000304352236988932
'12540',0.00026087334599051316
'12541',0.00020290149132595465
'12542',0.00020290149132595465
'12543',0.00011594370932911694
'12547',0.0001594226003275358
'12548',0.0001594226003275358
'12549',0.00026087334599051316
'12550',0.00026087334599051316
'12551',0.000420295946318049
'12552',0.000420295946318049
'12553',0.00033333816432121123
'12554',0.0003478311279873508
'12555',0.00023188741865823388
'12556',0.0002463803823243735
'12557',0.0002463803823243735
'12558',0.00023188741865823388
'12559',7.24648183306981e-05
'12560',7.24648183306981e-05
'12561',0.0002898592733227924
'12562',0.00027536630965665273
'12565',0.00018840852765981503
'12566',0.00018840852765981503
'12567',0.00013043667299525658
'12568',0.00013043667299525658
'12569',0.0003188452006550716
'12570',0.0003188452006550716
'12577',0.0005942115103117244
'12578',0.0005652255829794451
'12581',0.00010145074566297733
'12582',0.00010145074566297733
'12583',7.24648183306981e-05
'12584',7.24648183306981e-05
'12587',0.00026087334599051316
'12588',0.00026087334599051316
'12589',0.0004492818736503282
'12590',0.0004492818736503282
'12591',0.0005942115103117244
'12592',0.0005652255829794451
'12593',8.69577819968377e-05
'12594',8.69577819968377e-05
'12601',0.00046377483731646776
'12602',0.000492760764648747
'12603',0.0003188452006550716
'12604',0.000304352236988932
'12605',0.00018840852765981503
'12606',0.00018840852765981503
'12607',0.00018840852765981503
'12608',0.00018840852765981503
'12609',0.0002898592733227924
'12610',0.00027536630965665273
'12611',0.0001739155639936754
'12612',0.0001594226003275358
'12613',4.347889099841885e-05
'12614',4.347889099841885e-05
'12615',0.0005942115103117244
'12616',0.0005652255829794451
'12617',0.000681169292308562
'12618',0.000681169292308562
'12619',0.0003623240916534905
'12620',0.00033333816432121123
'12621',0.0001739155639936754
'12622',0.0001594226003275358
'12623',0.00033333816432121123
'12624',0.00033333816432121123
'12625',0.0006376904013101432
'12626',0.0005942115103117244
'12627',0.0005217466919810263
'12628',0.0005072537283148866
'12629',0.00018840852765981503
'12630',0.0001594226003275358
'12631',0.00023188741865823388
'12632',0.00023188741865823388
'12633',0.00026087334599051316
'12634',0.00026087334599051316
'12635',0.0001739155639936754
'12636',0.00018840852765981503
'12637',0.00020290149132595465
'12638',0.00018840852765981503
'12639',0.00018840852765981503
'12640',0.00020290149132595465
'12641',0.0003913100189857697
'12642',0.0003913100189857697
'12643',0.000492760764648747
'12644',0.00046377483731646776
'12645',0.0004492818736503282
'12646',0.000420295946318049
'12647',0.0004492818736503282
'12648',0.000420295946318049
'12649',0.00013043667299525658
'12650',0.00013043667299525658
'12651',0.0002463803823243735
'12652',0.00021739445499209428
'12655',0.0005652255829794451
'12656',0.0005797185466455848
'12657',0.00013043667299525658
'12658',0.00011594370932911694
'12659',0.0006666763286424225
'12660',0.0006521833649762828
'12661',0.00027536630965665273
'12662',0.00027536630965665273
'12663',0.0003623240916534905
'12664',0.0003623240916534905
'12665',0.00047826780098260744
'12666',0.00047826780098260744
'12667',0.0001739155639936754
'12668',0.0001739155639936754
'12669',0.00037681705531963006
'12670',0.0003478311279873508
'12671',0.00013043667299525658
'12672',0.0001449296366613962
'12673',0.00013043667299525658
'12674',0.0001449296366613962
'12675',0.00020290149132595465
'12676',0.00021739445499209428
'12677',0.00023188741865823388
'12678',0.0002463803823243735
'12679',0.00018840852765981503
'12680',0.00020290149132595465
'12681',0.00013043667299525658
'12682',0.00013043667299525658
'12683',0.00020290149132595465
'12684',0.00020290149132595465
'12685',0.00027536630965665273
'12686',0.00027536630965665273
'12687',0.0005072537283148866
'12688',0.00046377483731646776
'12689',0.0002898592733227924
'12690',0.000304352236988932
'12691',0.0001739155639936754
'12692',0.00021739445499209428
'12693',0.00033333816432121123
'12694',0.00033333816432121123
'12695',0.00033333816432121123
'12696',0.0003478311279873508
'12697',0.00023188741865823388
'12698',0.00021739445499209428
'12701',0.00023188741865823388
'12702',0.0002463803823243735
'12703',0.0003623240916534905
'12704',0.00037681705531963006
'12705',0.00018840852765981503
'12706',0.00020290149132595465
'12707',0.0002898592733227924
'12708',0.0002898592733227924
'12709',0.0002463803823243735
'12710',0.0002463803823243735
'12711',0.00018840852765981503
'12712',0.00018840852765981503
'12713',0.00013043667299525658
'12714',0.00013043667299525658
'12715',0.0005362396556471659
'12716',0.0005217466919810263
'12717',0.0001739155639936754
'12718',0.00018840852765981503
'12719',0.0003913100189857697
'12720',0.0003188452006550716
'12721',0.0006956622559747016
'12722',0.0010724793112943318
'12723',0.00026087334599051316
'12724',0.00026087334599051316
'12725',0.00021739445499209428
'12726',0.00021739445499209428
'12727',0.000304352236988932
'12728',0.000304352236988932
'12729',0.00023188741865823388
'12730',0.00023188741865823388
'12731',0.00021739445499209428
'12732',0.00021739445499209428
'12733',0.00033333816432121123
'12734',0.00033333816432121123
'12735',0.00020290149132595465
'12736',0.0001594226003275358
'12737',0.000304352236988932
'12738',0.000304352236988932
'12739',0.0001739155639936754
'12740',0.0001739155639936754
'12741',0.000304352236988932
'12742',0.000304352236988932
'12747',0.00021739445499209428
'12748',0.00021739445499209428
'12759',0.0002463803823243735
'12760',0.0002463803823243735
'12761',0.0001739155639936754
'12762',0.0001739155639936754
'12763',0.00027536630965665273
'12764',0.00027536630965665273
'12765',0.0003623240916534905
'12766',0.0003913100189857697
'12767',0.0002463803823243735
'12768',0.0002463803823243735
'12769',0.0002463803823243735
'12770',0.0002463803823243735
'12771',0.00020290149132595465
'12772',0.00020290149132595465
'12773',0.00023188741865823388
'12774',0.00023188741865823388
'12775',0.0001594226003275358
'12776',0.0001739155639936754
'12777',0.00033333816432121123
'12778',0.00033333816432121123
'12779',0.00043478890998418856
'12780',0.00047826780098260744
'12781',0.00046377483731646776
'12782',0.00047826780098260744
'12783',0.00021739445499209428
'12784',0.00021739445499209428
'12785',0.00026087334599051316
'12786',0.0002463803823243735
'12791',0.0004058029826519093
'12792',0.000420295946318049
'12797',0.0003478311279873508
'12798',0.0003478311279873508
'12801',0.00046377483731646776
'12802',0.000420295946318049
'12803',0.000304352236988932
'12804',0.000304352236988932
'12805',0.00027536630965665273
'12806',0.0002898592733227924
'12807',0.0005942115103117244
'12808',0.0005797185466455848
'12809',0.0006376904013101432
'12810',0.000608704473977864
'12811',0.00026087334599051316
'12812',0.00026087334599051316
'12813',0.00011594370932911694
'12814',0.00013043667299525658
'12815',0.0004492818736503282
'12816',0.0004492818736503282
'12817',0.0002898592733227924
'12818',0.000304352236988932
'12819',0.00018840852765981503
'12820',0.0002463803823243735
'12821',0.00020290149132595465
'12822',0.00021739445499209428
'12823',0.00018840852765981503
'12824',0.00020290149132595465
'12825',0.0001739155639936754
'12826',0.00018840852765981503
'12827',0.00021739445499209428
'12828',0.00021739445499209428
'12829',0.000304352236988932
'12830',0.000304352236988932
'12831',0.00021739445499209428
'12832',0.00021739445499209428
'12833',0.0009130567109667959
'12834',0.0009275496746329355
'12835',0.0003623240916534905
'12836',0.00037681705531963006
'12837',0.00020290149132595465
'12838',0.00020290149132595465
'12839',0.0005072537283148866
'12840',0.0005362396556471659
'12841',0.00020290149132595465
'12842',0.00023188741865823388
'12843',0.0006231974376440035
'12844',0.0006231974376440035
'12845',0.000304352236988932
'12846',0.000304352236988932
'12847',2.8985927332279235e-05
'12848',2.8985927332279235e-05
'12849',0.00026087334599051316
'12850',0.00026087334599051316
'12851',0.0002463803823243735
'12852',0.0002463803823243735
'12853',0.00043478890998418856
'12854',0.0004492818736503282
'12855',0.00023188741865823388
'12856',0.0002463803823243735
'12857',0.00011594370932911694
'12858',0.00011594370932911694
'12859',0.0003913100189857697
'12860',0.00037681705531963006
'12861',0.0008550848563022375
'12863',0.0005072537283148866
'12864',0.0005217466919810263
'12865',0.0001449296366613962
'12866',0.0001449296366613962
'12867',0.0002898592733227924
'12868',0.0002898592733227924
'12869',0.0002898592733227924
'12870',0.00027536630965665273
'12871',0.00043478890998418856
'12872',0.00043478890998418856
'12873',0.000304352236988932
'12874',0.0003188452006550716
'12875',0.000608704473977864
'12876',0.000608704473977864
'12877',0.00023188741865823388
'12878',0.0002463803823243735
'12879',0.00027536630965665273
'12880',0.0002898592733227924
'12881',0.00013043667299525658
'12882',0.00013043667299525658
'12883',0.00020290149132595465
'12884',0.00021739445499209428
'12885',0.00018840852765981503
'12886',0.00018840852765981503
'12887',0.0001449296366613962
'12888',0.0001594226003275358
'12889',0.0003623240916534905
'12890',0.0003478311279873508
'12891',0.00023188741865823388
'12892',0.00023188741865823388
'12893',0.00021739445499209428
'12894',0.00021739445499209428
'12895',0.0001449296366613962
'12896',0.0001594226003275358
'12897',0.0002898592733227924
'12898',0.0002898592733227924
'12901',0.00020290149132595465
'12902',0.00018840852765981503
'12903',0.0005072537283148866
'12904',0.0005072537283148866
'12905',0.0004492818736503282
'12906',0.0005072537283148866
'12907',7.24648183306981e-05
'12908',7.24648183306981e-05
'12909',0.00013043667299525658
'12910',0.00013043667299525658
'12911',0.00020290149132595465
'12912',0.00020290149132595465
'12913',0.00020290149132595465
'12914',0.00020290149132595465
'12915',0.0002898592733227924
'12916',0.0002898592733227924
'12917',0.0001449296366613962
'12918',0.0001449296366613962
'12919',0.0006666763286424225
'12920',0.0006376904013101432
'12921',0.00020290149132595465
'12922',0.00020290149132595465
'12923',0.0001739155639936754
'12924',0.0001739155639936754
'12925',0.000681169292308562
'12926',0.0005942115103117244
'12927',8.69577819968377e-05
'12928',8.69577819968377e-05
'12931',0.0001449296366613962
'12932',0.0001449296366613962
'12933',0.0001594226003275358
'12934',0.0001449296366613962
'12935',0.00013043667299525658
'12936',0.00013043667299525658
'12937',0.00026087334599051316
'12938',0.0002463803823243735
'12939',0.0001739155639936754
'12940',0.0001739155639936754
'12941',0.00047826780098260744
'12942',0.0005217466919810263
'12943',0.0001594226003275358
'12944',0.0001594226003275358
'12945',0.0003623240916534905
'12946',0.00021739445499209428
'12947',0.0002898592733227924
'12948',0.0002898592733227924
'12949',0.0005217466919810263
'12950',0.0005507326193133055
'12951',0.00011594370932911694
'12952',0.00010145074566297733
'12953',0.00020290149132595465
'12954',0.00020290149132595465
'12955',0.00027536630965665273
'12956',0.00027536630965665273
'12957',0.0001449296366613962
'12958',0.0001449296366613962
'12959',0.00027536630965665273
'12960',0.00027536630965665273
'12961',0.0002898592733227924
'12962',0.0002898592733227924
'12963',0.00027536630965665273
'12964',0.00026087334599051316
'12967',0.00046377483731646776
'12968',0.000985521529297494
'12969',0.0005797185466455848
'12970',0.000608704473977864
'12971',0.000304352236988932
'12972',0.0003188452006550716
'12973',0.00011594370932911694
'12974',0.00011594370932911694
'12975',0.0006376904013101432
'12976',0.0006956622559747016
'12977',0.00043478890998418856
'12978',0.00043478890998418856
'12979',0.00026087334599051316
'12980',0.0002463803823243735
'12981',0.00026087334599051316
'12982',0.00026087334599051316
'12983',0.00021739445499209428
'12984',0.00021739445499209428
'12985',8.69577819968377e-05
'12986',8.69577819968377e-05
'12987',0.00033333816432121123
'12988',0.0003188452006550716
'12989',0.00033333816432121123
'12990',0.00033333816432121123
'12991',0.00021739445499209428
'12992',0.00021739445499209428
'12993',0.0003913100189857697
'12994',0.0003913100189857697
'12995',0.0003478311279873508
'12996',0.00026087334599051316
'13005',0.0008260989289699582
'13006',0.0008116059653038186
'13007',0.0016232119306076372
'13008',0.0017536486036028938
'13009',0.001173930056957309
'13010',0.0011304511659588903
'13011',0.00026087334599051316
'13012',0.00026087334599051316
'13017',0.00021739445499209428
'13018',0.00021739445499209428
'13019',0.000985521529297494
'13020',0.0009420426382990752
'13021',0.000608704473977864
'13022',0.000608704473977864
'13023',0.00047826780098260744
'13024',0.00047826780098260744
'13025',0.0003623240916534905
'13026',0.0003623240916534905
'13027',0.0001594226003275358
'13028',0.0001594226003275358
'13043',0.00026087334599051316
'13044',0.00026087334599051316
'13049',0.0016087189669414979
'13050',0.0015362541486107996
'13051',0.0001449296366613962
'13052',0.0001449296366613962
'13053',0.00010145074566297733
'13054',0.00010145074566297733
'13063',0.0001594226003275358
'13064',0.0001594226003275358
'13071',0.000304352236988932
'13072',0.000304352236988932
'13103',0.00020290149132595465
'13104',0.00020290149132595465
'13105',0.000420295946318049
'13106',0.000420295946318049
'13107',4.347889099841885e-05
'13108',4.347889099841885e-05
'13109',4.347889099841885e-05
'13110',4.347889099841885e-05
'13113',0.0001594226003275358
'13114',0.0001594226003275358
'13117',0.0001594226003275358
'13118',0.0001594226003275358
'13119',0.0012753808026202864
'13120',0.001289873766286426
'13131',0.0017971274946013127
'13132',0.0013478456209509847
'13133',0.001173930056957309
'13134',0.0012029159842895884
'13135',0.00026087334599051316
'13136',0.00026087334599051316
'13137',0.0003188452006550716
'13138',0.0003188452006550716
'13141',0.0005362396556471659
'13142',0.000492760764648747
'13145',0.0002898592733227924
'13146',0.0002898592733227924
'13147',0.0003478311279873508
'13148',0.0003478311279873508
'13149',0.0003623240916534905
'13150',0.0003623240916534905
'13151',0.0014348034029478221
'13152',0.0014058174756155428
'13153',0.0004058029826519093
'13154',0.00021739445499209428
'13155',0.00027536630965665273
'13156',0.00027536630965665273
'13157',0.00021739445499209428
'13158',0.00021739445499209428
'13159',0.00023188741865823388
'13160',0.00023188741865823388
'13161',0.0001739155639936754
'13162',0.0001739155639936754
'13163',0.00046377483731646776
'13164',0.00046377483731646776
'13165',0.00021739445499209428
'13166',0.00021739445499209428
'13167',0.00033333816432121123
'13168',0.0003188452006550716
'13185',0.0003188452006550716
'13186',0.0003188452006550716
'13187',0.0001449296366613962
'13188',0.0001449296366613962
'13201',0.0009710285656313546
'13202',0.0009275496746329355
'13225',0.0003188452006550716
'13226',0.0003188452006550716
'13233',0.00021739445499209428
'13234',0.00021739445499209428
'13235',0.0004058029826519093
'13236',0.000420295946318049
'13237',0.0003913100189857697
'13238',0.00043478890998418856
'13239',0.0003188452006550716
'13240',0.0003623240916534905
'13241',0.00027536630965665273
'13242',0.00027536630965665273
'13245',0.0005507326193133055
'13246',0.0005507326193133055
'13247',0.000681169292308562
'13248',0.000681169292308562
'13255',0.00023188741865823388
'13256',0.00023188741865823388
'13281',0.0004492818736503282
'13282',0.0004492818736503282
'13287',0.0007391411469731205
'13288',0.0007536341106392601
'13301',0.00018840852765981503
'13302',0.00020290149132595465
'13307',0.0011304511659588903
'13308',0.0010145074566297733
'13329',0.0001594226003275358
'13330',0.0001594226003275358
'13331',0.0003188452006550716
'13332',0.0003188452006550716
'13345',0.00013043667299525658
'13346',0.00011594370932911694
'13347',0.00047826780098260744
'13348',0.00047826780098260744
'13351',0.0014058174756155428
'13352',0.0015652400759430787
'13401',0.0003913100189857697
'13402',0.0003913100189857697
'13403',0.0003913100189857697
'13404',0.0004058029826519093
'13413',0.0009130567109667959
'13414',0.0008695778199683771
'13415',0.0002463803823243735
'13416',0.0002463803823243735
'13417',0.00026087334599051316
'13418',0.00026087334599051316
'13419',0.0002463803823243735
'13420',0.0002463803823243735
'13423',0.00026087334599051316
'13424',0.00023188741865823388
'13425',0.0004058029826519093
'13426',0.0003913100189857697
'13429',0.00033333816432121123
'13430',0.00033333816432121123
'13465',0.00021739445499209428
'13466',0.00021739445499209428
'13483',0.0009275496746329355
'13484',0.0008985637473006564
'13507',0.00021739445499209428
'13508',0.00021739445499209428
'13509',0.0003188452006550716
'13510',0.0003188452006550716
'13511',0.00013043667299525658
'13512',0.0001449296366613962
'14001',4.347889099841885e-05
'14002',4.347889099841885e-05
'14003',0.0003478311279873508
'14004',0.0003478311279873508
'14005',0.0005942115103117244
'14006',0.0005942115103117244
'14007',0.000492760764648747
'14008',0.0005072537283148866
'14009',0.0003188452006550716
'14010',0.0003188452006550716
'14011',0.00010145074566297733
'14012',0.00010145074566297733
'14013',0.00021739445499209428
'14014',0.00021739445499209428
'14015',0.0005217466919810263
'14016',0.0005362396556471659
'14017',0.0005507326193133055
'14018',0.0005362396556471659
'14033',0.0005072537283148866
'14034',0.000420295946318049
'14035',0.00027536630965665273
'14036',0.0002898592733227924
'14037',0.00020290149132595465
'14038',0.00023188741865823388
'14041',0.0003188452006550716
'14042',0.00027536630965665273
'14043',0.00018840852765981503
'14044',0.00018840852765981503
'14055',0.0009130567109667959
'14056',0.0008840707836345167
'14095',0.00020290149132595465
'14096',0.00021739445499209428
'14114',0.0004492818736503282
'14115',0.00021739445499209428
'14116',0.00021739445499209428
'14119',0.0001594226003275358
'14120',0.0001594226003275358
'14151',0.00018840852765981503
'14152',0.00018840852765981503
'14153',0.00020290149132595465
'14154',0.00020290149132595465
'14155',0.00021739445499209428
'14156',0.00021739445499209428
'14163',0.0006231974376440035
'14164',0.00033333816432121123
'14203',0.00023188741865823388
'14204',0.00023188741865823388
'14205',0.0001594226003275358
'14206',0.0001594226003275358
'14207',0.00021739445499209428
'14208',0.00021739445499209428
'14209',0.0001739155639936754
'14210',0.0001739155639936754
'14211',0.00023188741865823388
'14212',0.00023188741865823388
'14213',0.0001594226003275358
'14214',0.0001594226003275358
'14215',0.0001449296366613962
'14216',0.0001449296366613962
'14217',0.000608704473977864
'14218',0.0005942115103117244
'14219',0.0001594226003275358
'14220',0.0001594226003275358
'14223',0.00027536630965665273
'14224',0.00027536630965665273
'14227',0.0001594226003275358
'14228',0.0001594226003275358
'14235',0.000681169292308562
'14236',0.0006376904013101432
'14257',0.00047826780098260744
'14258',0.0005072537283148866
'14259',0.0005507326193133055
'14260',0.0005362396556471659
'14265',0.000797113001637679
'14266',0.000724648183306981
'14307',0.0005797185466455848
'14308',0.0005797185466455848
'14309',0.00047826780098260744
'14310',0.0004492818736503282
'14311',0.000724648183306981
'14312',0.0006521833649762828
'14313',0.0003913100189857697
'14314',0.0004058029826519093
'14315',0.00023188741865823388
'14316',0.00023188741865823388
'14317',0.0004492818736503282
'14318',0.00043478890998418856
'14319',0.0002898592733227924
'14320',0.0002898592733227924
'14321',0.0006376904013101432
'14322',0.0006376904013101432
'14323',8.69577819968377e-05
'14324',8.69577819968377e-05
'14369',0.000492760764648747
'14370',0.0006521833649762828
'14501',0.00018840852765981503
'14502',0.00018840852765981503
'14503',0.0001449296366613962
'14504',0.0001449296366613962
'14511',0.0005797185466455848
'14512',0.0004058029826519093
'14519',0.0002898592733227924
'14520',0.0002898592733227924
'14521',0.0001739155639936754
'14522',0.0001739155639936754
'14523',0.00027536630965665273
'14524',0.00027536630965665273
'14525',0.00021739445499209428
'14526',0.00021739445499209428
'14553',0.0003913100189857697
'14554',0.0003623240916534905
'14555',0.0002898592733227924
'14556',0.000304352236988932
'14605',0.0002463803823243735
'14606',0.0002463803823243735
'14609',0.000304352236988932
'14610',0.0003188452006550716
'14625',0.00023188741865823388
'14626',0.00023188741865823388
'14631',0.0003913100189857697
'14632',0.0004058029826519093
'14645',0.00043478890998418856
'14646',0.000420295946318049
'14649',0.0009275496746329355
'14650',0.0008840707836345167
'14659',0.000681169292308562
'14660',0.0005507326193133055
'14662',0.0005072537283148866
'14673',0.0008550848563022375
'14674',0.0008260989289699582
'14681',0.00033333816432121123
'14682',0.00033333816432121123
'14705',0.0002898592733227924
'14706',0.0002898592733227924
'14707',0.00047826780098260744
'14708',0.00047826780098260744
'14709',0.0004492818736503282
'14710',0.0004492818736503282
'14711',0.00033333816432121123
'14712',0.0003623240916534905
'14713',0.00021739445499209428
'14714',0.00021739445499209428
'14723',0.0004492818736503282
'14724',0.00043478890998418856
'14731',0.000420295946318049
'14732',0.000420295946318049
'14803',0.0002463803823243735
'14804',0.0002463803823243735
'14805',0.0005507326193133055
'14806',0.0005507326193133055
'14809',0.0001449296366613962
'14810',0.0001594226003275358
'14853',0.0005072537283148866
'14854',0.0005217466919810263
'14863',0.0004492818736503282
'14864',0.00046377483731646776
'14865',0.00047826780098260744
'14866',0.000492760764648747
'14887',0.0006376904013101432
'14888',0.0005652255829794451
'14889',2.8985927332279235e-05
'14890',2.8985927332279235e-05
'15001',0.00037681705531963006
'15002',0.00037681705531963006
'15003',0.0004492818736503282
'15004',0.0004058029826519093
'15005',0.00023188741865823388
'15006',0.00023188741865823388
'15007',0.0005362396556471659
'15008',0.0005507326193133055
'15009',0.0003913100189857697
'15011',0.00027536630965665273
'15012',0.00027536630965665273
'15013',0.0006231974376440035
'15014',0.0005652255829794451
'15015',0.0004058029826519093
'15016',0.0003188452006550716
'15017',0.0010434933839620526
'15018',0.0015362541486107996
'15021',0.00021739445499209428
'15022',0.00021739445499209428
'15023',0.0003623240916534905
'15024',0.00037681705531963006
'15025',0.0001594226003275358
'15026',0.0001594226003275358
'15027',0.000724648183306981
'15028',0.000724648183306981
'15029',0.0002898592733227924
'15030',0.0002898592733227924
'15031',0.0001594226003275358
'15032',0.0001594226003275358
'15033',0.00010145074566297733
'15034',0.00010145074566297733
'15035',0.0001739155639936754
'15036',0.00013043667299525658
'15043',0.0001594226003275358
'15044',0.0001594226003275358
'15045',0.0005652255829794451
'15046',0.0005797185466455848
'15047',0.00027536630965665273
'15048',0.00027536630965665273
'15049',0.0003913100189857697
'15050',0.0003913100189857697
'15051',0.0003188452006550716
'15052',0.00033333816432121123
'15053',0.00018840852765981503
'15054',0.00018840852765981503
'15057',0.00011594370932911694
'15058',0.00011594370932911694
'15097',0.00046377483731646776
'15098',0.00046377483731646776
'15103',0.00023188741865823388
'15104',0.0002463803823243735
'15107',0.0003188452006550716
'15108',0.0003188452006550716
'15110',0.00027536630965665273
'15111',0.00020290149132595465
'15112',0.00020290149132595465
'15115',0.000608704473977864
'15116',0.000608704473977864
'15117',0.0001449296366613962
'15118',0.0001449296366613962
'15159',0.0006666763286424225
'15160',0.000608704473977864
'15203',0.0005362396556471659
'15204',0.0005507326193133055
'15205',0.0003913100189857697
'15206',0.0003913100189857697
'15227',0.0005072537283148866
'15228',0.0005072537283148866
'15231',0.00046377483731646776
'15232',0.00046377483731646776
'15233',0.00013043667299525658
'15234',0.00013043667299525658
'15235',0.0001594226003275358
'15236',0.0001594226003275358
'15273',0.000681169292308562
'15274',0.0006666763286424225
'15279',0.0003478311279873508
'15280',0.0003478311279873508
'15307',0.0001594226003275358
'15308',0.0002463803823243735
'15315',0.00026087334599051316
'15316',0.00026087334599051316
'15483',0.0008550848563022375
'15484',0.0008695778199683771
'15603',0.0005072537283148866
'15604',0.0005072537283148866
'15605',0.00046377483731646776
'15606',0.00046377483731646776
'15615',0.00013043667299525658
'15616',0.00013043667299525658
'15617',0.00020290149132595465
'15618',0.00020290149132595465
'15619',0.000304352236988932
'15620',0.000304352236988932
'15621',0.0003623240916534905
'15622',0.0003623240916534905
'15629',0.0005797185466455848
'15630',0.0005797185466455848
'15631',0.0005072537283148866
'15632',0.0005652255829794451
'15635',0.0006376904013101432
'15636',0.0006376904013101432
'15639',0.0003913100189857697
'15640',0.00043478890998418856
'15643',0.0003913100189857697
'15644',0.0003913100189857697
'15645',0.0007101552196408414
'15646',0.0007391411469731205
'15647',0.0008116059653038186
'15648',0.0008116059653038186
'15651',0.0006231974376440035
'15652',0.000608704473977864
'15653',0.0006231974376440035
'15654',0.0006231974376440035
'15657',0.00047826780098260744
'15658',0.00047826780098260744
'15661',0.0004058029826519093
'15662',0.0003913100189857697
'15665',0.0001449296366613962
'15666',0.0001449296366613962
'15667',0.0005507326193133055
'15668',0.0005362396556471659
'15669',0.00010145074566297733
'15670',0.00010145074566297733
'15707',0.0008260989289699582
'15708',0.000797113001637679
'15711',0.0001594226003275358
'15712',0.0001594226003275358
'15713',0.00027536630965665273
'15714',0.00027536630965665273
'15715',0.00043478890998418856
'15716',0.000420295946318049
'15719',0.00026087334599051316
'15720',0.00026087334599051316
'15721',0.00026087334599051316
'15722',0.00026087334599051316
'15723',0.00020290149132595465
'15724',0.00020290149132595465
'15817',0.0002898592733227924
'15818',0.0002898592733227924
'15901',0.0005942115103117244
'15902',0.0005652255829794451
'15903',0.0005072537283148866
'15904',0.0005072537283148866
'15905',0.0008985637473006564
'15906',0.0008985637473006564
'15909',0.0013913245119494032
'15910',0.0012608878389541469
'15927',0.0003188452006550716
'15928',0.0003188452006550716
'15929',0.0007391411469731205
'15930',0.0007681270743053998
'15933',0.0005652255829794451
'15934',0.0005652255829794451
'15941',0.00046377483731646776
'15942',0.00046377483731646776
'15959',0.0008116059653038186
'15960',0.0008116059653038186
'16003',0.00037681705531963006
'16004',0.0003913100189857697
'16021',0.0003478311279873508
'16022',0.00033333816432121123
'16031',0.001217408947955728
'16032',0.0011449441296250296
'16053',0.00011594370932911694
'16054',0.00013043667299525658
'16057',0.00011594370932911694
'16058',0.00013043667299525658
'16093',0.0006666763286424225
'16094',0.0006666763286424225
'16101',0.0003478311279873508
'16102',0.0003623240916534905
'16105',0.0004058029826519093
'16106',0.0004058029826519093
'16115',0.0001594226003275358
'16116',0.0001594226003275358
'16125',0.0003913100189857697
'16126',0.0003913100189857697
'16127',0.0007101552196408414
'16128',0.0006956622559747016
'16129',0.00033333816432121123
'16130',0.0003188452006550716
'16175',0.00023188741865823388
'16176',0.00023188741865823388
'16177',0.00021739445499209428
'16178',0.00023188741865823388
'16179',0.00020290149132595465
'16180',0.00021739445499209428
'16181',0.00018840852765981503
'16182',0.00020290149132595465
'16183',0.00026087334599051316
'16184',0.00026087334599051316
'16185',0.00021739445499209428
'16186',0.00021739445499209428
'16187',0.0004492818736503282
'16188',0.00043478890998418856
'16201',0.0001594226003275358
'16202',0.0001594226003275358
'16203',0.0001449296366613962
'16204',0.0001594226003275358
'16205',0.0001739155639936754
'16206',0.0001739155639936754
'16209',0.0006376904013101432
'16210',0.0006521833649762828
'16215',0.0001449296366613962
'16216',0.0001449296366613962
'16217',0.00033333816432121123
'16218',0.00033333816432121123
'16227',0.00023188741865823388
'16228',0.00023188741865823388
'16229',0.0005072537283148866
'16230',0.0005072537283148866
'16231',0.00037681705531963006
'16232',0.000420295946318049
'16235',0.0005217466919810263
'16236',0.0005217466919810263
'16301',0.0004492818736503282
'16302',0.0004492818736503282
'16303',0.0002898592733227924
'16304',0.0002898592733227924
'16305',0.00026087334599051316
'16306',0.00027536630965665273
'16307',0.0004058029826519093
'16308',0.000420295946318049
'16311',0.0006231974376440035
'16312',0.0006376904013101432
'16313',0.0003623240916534905
'16314',0.00037681705531963006
'16315',0.0003478311279873508
'16316',0.0003623240916534905
'16317',0.0010434933839620526
'16318',0.001217408947955728
'16331',0.0006231974376440035
'16332',0.0006231974376440035
'16333',0.0008550848563022375
'16334',0.0009275496746329355
'16335',0.0008116059653038186
'16336',0.0008550848563022375
'16337',0.000724648183306981
'16338',0.0007391411469731205
'16339',0.0005942115103117244
'16340',0.0005797185466455848
'16341',0.0003623240916534905
'16342',0.00033333816432121123
'16343',0.000304352236988932
'16344',0.000304352236988932
'16345',0.000681169292308562
'16346',0.000681169292308562
'16347',0.000724648183306981
'16348',0.0007101552196408414
'16349',0.00033333816432121123
'16350',0.00033333816432121123
'16351',0.0006666763286424225
'16352',0.000681169292308562
'16353',0.0004492818736503282
'16354',0.000420295946318049
'16359',0.000681169292308562
'16360',0.0006521833649762828
'16381',0.0009420426382990752
'16382',0.0009565356019652149
'16501',0.0003623240916534905
'16502',0.00037681705531963006
'16505',0.000492760764648747
'16506',0.000492760764648747
'16507',0.0006521833649762828
'16508',0.000681169292308562
'16515',0.00026087334599051316
'16516',0.00026087334599051316
'16517',0.0002898592733227924
'16518',0.0002898592733227924
'16523',0.000420295946318049
'16524',0.00037681705531963006
'16525',0.0006956622559747016
'16526',0.0007391411469731205
'16527',0.0002898592733227924
'16528',0.0002898592733227924
'16531',0.0005652255829794451
'16532',0.0005362396556471659
'16533',0.000420295946318049
'16534',0.000420295946318049
'16535',0.00043478890998418856
'16536',0.00043478890998418856
'16537',0.00021739445499209428
'16557',0.00013043667299525658
'16558',0.00013043667299525658
'16561',0.00023188741865823388
'16562',0.00023188741865823388
'16565',0.0003188452006550716
'16566',0.000304352236988932
'16569',0.00021739445499209428
'16570',0.00021739445499209428
'16571',0.00026087334599051316
'16572',0.00026087334599051316
'16573',0.0001449296366613962
'16574',0.0001449296366613962
'16577',0.0001449296366613962
'16578',0.0001449296366613962
'16579',0.00013043667299525658
'16580',0.00013043667299525658
'16587',0.00046377483731646776
'16588',0.00046377483731646776
'16589',0.000420295946318049
'16590',0.00043478890998418856
'16591',0.00043478890998418856
'16592',0.00043478890998418856
'16593',0.0006521833649762828
'16594',0.0006376904013101432
'16603',0.00047826780098260744
'16604',0.00047826780098260744
'16605',0.0006231974376440035
'16606',0.0006231974376440035
'16609',0.00023188741865823388
'16610',0.00023188741865823388
'16611',0.00023188741865823388
'16612',0.00023188741865823388
'16613',0.0005072537283148866
'16614',0.0005217466919810263
'16615',0.0001449296366613962
'16616',0.0001449296366613962
'16617',0.0002463803823243735
'16618',0.0002463803823243735
'16629',0.0008260989289699582
'16630',0.000797113001637679
'16649',0.0008116059653038186
'16650',0.0007826200379715394
'16687',0.0009130567109667959
'16688',0.0011449441296250296
'16713',0.00027536630965665273
'16714',0.0002898592733227924
'16723',0.00043478890998418856
'16724',0.0004492818736503282
'16733',0.0006231974376440035
'16734',0.0006231974376440035
'16779',0.0003188452006550716
'16780',0.0003188452006550716
'16787',0.0009130567109667959
'16853',0.00027536630965665273
'16854',0.00027536630965665273
'16855',0.0003478311279873508
'16856',0.0003478311279873508
'16857',0.0002898592733227924
'16858',0.0002898592733227924
'16859',0.0007536341106392601
'16860',0.0007681270743053998
'16861',0.00033333816432121123
'16862',0.00033333816432121123
'16863',0.0006231974376440035
'16864',0.0006231974376440035
'17001',0.00037681705531963006
'17002',0.00037681705531963006
'17005',0.00043478890998418856
'17006',0.00043478890998418856
'17007',0.0003478311279873508
'17008',0.0003623240916534905
'17013',0.00020290149132595465
'17014',0.00020290149132595465
'17015',0.0005797185466455848
'17016',0.0005942115103117244
'17017',0.0003913100189857697
'17018',0.0004058029826519093
'17019',0.00043478890998418856
'17020',0.00043478890998418856
'17023',0.00023188741865823388
'17024',0.00020290149132595465
'17025',0.00021739445499209428
'17026',0.00021739445499209428
'17031',0.0004058029826519093
'17032',0.00037681705531963006
'17035',0.00020290149132595465
'17036',0.00020290149132595465
'17037',0.000420295946318049
'17038',0.000420295946318049
'17057',0.0004492818736503282
'17058',0.00043478890998418856
'17063',0.00033333816432121123
'17064',0.00033333816432121123
'17201',0.0003478311279873508
'17202',0.0003623240916534905
'17203',0.00043478890998418856
'17204',0.0004492818736503282
'17205',0.0006231974376440035
'17206',0.0005652255829794451
'17207',0.00047826780098260744
'17208',0.00047826780098260744
'17209',0.0005217466919810263
'17210',0.000492760764648747
'17211',0.00027536630965665273
'17212',0.00027536630965665273
'17213',0.0003188452006550716
'17214',0.0003188452006550716
'17221',0.00033333816432121123
'17222',0.00043478890998418856
'17225',0.0003623240916534905
'17226',0.0004492818736503282
'17229',0.0006666763286424225
'17230',0.0006521833649762828
'17231',0.00037681705531963006
'17232',0.00037681705531963006
'17233',0.000492760764648747
'17234',0.0005072537283148866
'17235',0.0002463803823243735
'17236',0.00023188741865823388
'17239',0.0003913100189857697
'17240',0.00037681705531963006
'17249',0.00027536630965665273
'17250',0.00027536630965665273
'17255',0.000304352236988932
'17256',0.000304352236988932
'17301',0.00026087334599051316
'17302',0.00026087334599051316
'17305',0.00037681705531963006
'17307',0.000492760764648747
'17308',0.00047826780098260744
'17309',0.00026087334599051316
'17310',0.00026087334599051316
'17311',0.0003478311279873508
'17312',0.0003623240916534905
'17313',0.0002463803823243735
'17314',0.00026087334599051316
'17315',0.0003623240916534905
'17316',0.00033333816432121123
'17317',0.00021739445499209428
'17318',0.00021739445499209428
'17319',0.0003188452006550716
'17320',0.0003188452006550716
'17321',0.0001739155639936754
'17322',0.0001739155639936754
'17401',0.00043478890998418856
'17402',0.000304352236988932
'17404',0.00033333816432121123
'17405',0.0008985637473006564
'17406',0.0009130567109667959
'17407',0.00027536630965665273
'17408',0.00027536630965665273
'17411',0.00026087334599051316
'17412',0.00027536630965665273
'17415',0.00046377483731646776
'17416',0.00046377483731646776
'17429',0.0005217466919810263
'17430',0.0005072537283148866
'17479',0.0010434933839620526
'17480',0.0010724793112943318
'17481',0.0009420426382990752
'17482',0.000985521529297494
'17487',0.0005217466919810263
'17488',0.00047826780098260744
'17603',0.0005652255829794451
'17604',0.00026087334599051316
'17605',0.00043478890998418856
'17606',0.00043478890998418856
'17609',0.0002463803823243735
'17610',0.00023188741865823388
'17613',0.0001449296366613962
'17614',0.0001449296366613962
'17615',0.00033333816432121123
'17616',0.00033333816432121123
'17617',0.000304352236988932
'17618',0.000304352236988932
'17619',0.00011594370932911694
'17620',0.00011594370932911694
'17621',0.0004058029826519093
'17622',0.0004058029826519093
'17623',0.000420295946318049
'17624',0.000420295946318049
'17639',0.000304352236988932
'17640',0.000304352236988932
'17643',0.0005072537283148866
'17644',0.000492760764648747
'17651',0.000304352236988932
'17652',0.000304352236988932
'17687',0.0003623240916534905
'17688',0.0003623240916534905
'18001',0.00013043667299525658
'18002',0.00013043667299525658
'18005',0.000681169292308562
'18006',0.0006666763286424225
'18009',0.0003478311279873508
'18010',0.0005652255829794451
'18029',0.0012029159842895884
'18030',0.0012029159842895884
'18047',0.0006376904013101432
'18048',0.0007536341106392601
'18101',0.0010145074566297733
'18103',0.00037681705531963006
'18104',0.0003913100189857697
'18105',0.00018840852765981503
'18106',0.0001739155639936754
'18107',0.00018840852765981503
'18108',0.00018840852765981503
'18109',0.0010579863476281922
'18110',0.0011884230206234488
'18111',0.0005942115103117244
'18112',0.0005942115103117244
'18181',0.0007391411469731205
'18182',0.0005362396556471659
'18183',0.0005217466919810263
'18184',0.0005072537283148866
'18189',0.001246394875288007
'18191',0.00047826780098260744
'18192',0.0004492818736503282
'18201',0.0003623240916534905
'18202',0.0003913100189857697
'18203',0.0002898592733227924
'18204',0.0002898592733227924
'18205',0.00033333816432121123
'18206',0.00033333816432121123
'18207',0.000304352236988932
'18208',0.0003188452006550716
'18209',0.00011594370932911694
'18210',0.00011594370932911694
'18211',0.00021739445499209428
'18212',0.00021739445499209428
'18213',0.0002898592733227924
'18214',0.000304352236988932
'18215',0.00037681705531963006
'18216',0.00037681705531963006
'18233',0.0010434933839620526
'18234',0.0010579863476281922
'18235',0.0011304511659588903
'18236',0.0009710285656313546
'18237',0.0012319019116218677
'18238',0.0014637893302801015
'18239',0.00046377483731646776
'18240',0.00026087334599051316
'18241',0.0005217466919810263
'18242',0.00046377483731646776
'18301',0.0002898592733227924
'18302',0.0004492818736503282
'18303',0.00020290149132595465
'18304',0.00020290149132595465
'18309',0.000304352236988932
'18310',0.00033333816432121123
'18311',0.0005507326193133055
'18312',0.0005652255829794451
'18401',0.0005942115103117244
'18402',0.0005942115103117244
'18403',8.69577819968377e-05
'18404',8.69577819968377e-05
'18405',0.0005797185466455848
'18406',0.0005797185466455848
'18407',0.00037681705531963006
'18408',0.0004058029826519093
'18409',0.0002898592733227924
'18410',0.000304352236988932
'18411',0.0003913100189857697
'18412',0.0003913100189857697
'18415',0.000420295946318049
'18416',0.000420295946318049
'18417',0.0002463803823243735
'18418',0.0002463803823243735
'18419',0.0003623240916534905
'18420',0.0003623240916534905
'18421',0.0005942115103117244
'18422',0.0005942115103117244
'18425',0.000420295946318049
'18426',0.000420295946318049
'18437',0.00046377483731646776
'18438',0.00046377483731646776
'18447',0.0005797185466455848
'18448',0.0005797185466455848
'18449',0.00037681705531963006
'18450',0.0003913100189857697
'18451',0.0003623240916534905
'18452',0.0006376904013101432
'18463',0.0006521833649762828
'18464',0.0006666763286424225
'18473',0.0006376904013101432
'18474',0.0006231974376440035
'18477',0.001101465238626611
'18478',0.0011159582022927505
'18495',0.000420295946318049
'18496',0.00037681705531963006
'18501',0.000420295946318049
'18502',0.000420295946318049
'18503',0.00037681705531963006
'18504',0.0005217466919810263
'18507',0.0006956622559747016
'18508',0.0006956622559747016
'18509',0.00018840852765981503
'18510',0.00021739445499209428
'18515',0.0003623240916534905
'18516',0.0003623240916534905
'18517',0.0004492818736503282
'18518',0.0004492818736503282
'18519',0.0002898592733227924
'18520',0.000304352236988932
'18567',0.0005072537283148866
'18568',0.0005072537283148866
'18573',0.0005217466919810263
'18574',0.0005072537283148866
'18603',0.0003188452006550716
'18604',0.000304352236988932
'18605',0.00020290149132595465
'18606',0.00020290149132595465
'18609',0.00046377483731646776
'18610',0.0005072537283148866
'18611',0.0004492818736503282
'18612',0.0004492818736503282
'18615',0.0002463803823243735
'18616',0.0002463803823243735
'18619',0.00023188741865823388
'18620',0.00026087334599051316
'18621',0.0006521833649762828
'18622',0.0006376904013101432
'18623',0.0005797185466455848
'18624',0.0003913100189857697
'18625',0.000304352236988932
'18626',0.000304352236988932
'18627',0.00013043667299525658
'18628',0.00013043667299525658
'18629',0.0003188452006550716
'18630',0.000304352236988932
'18631',0.0005652255829794451
'18632',0.0005652255829794451
'18637',0.00037681705531963006
'18638',0.00037681705531963006
'18645',0.0008550848563022375
'18646',0.0008985637473006564
'18695',0.00010145074566297733
'18696',0.00010145074566297733
'18697',0.00033333816432121123
'18698',0.00033333816432121123
'19005',0.0006231974376440035
'19006',0.000492760764648747
'19011',0.0004058029826519093
'19012',0.0003913100189857697
'19017',0.00043478890998418856
'19018',0.00047826780098260744
'19019',0.0014203104392816828
'19020',0.001333352657284845
'19021',0.00033333816432121123
'19022',0.00033333816432121123
'19023',0.0013913245119494032
'19024',0.0013913245119494032
'19027',0.00047826780098260744
'19028',0.00047826780098260744
'19029',0.0003913100189857697
'19030',0.0003913100189857697
'19031',0.000681169292308562
'19032',0.000608704473977864
'19033',0.0003913100189857697
'19034',0.0003913100189857697
'19037',0.0009710285656313546
'19038',0.0009565356019652149
'19039',0.0011884230206234488
'19040',0.0012608878389541469
'19045',0.0005362396556471659
'19046',0.0005362396556471659
'19047',0.0005652255829794451
'19048',0.0005652255829794451
'19049',0.00023188741865823388
'19050',0.00021739445499209428
'19051',0.00027536630965665273
'19052',0.00023188741865823388
'19053',0.00037681705531963006
'19054',0.0003478311279873508
'19055',0.00026087334599051316
'19056',0.00026087334599051316
'19057',0.00018840852765981503
'19058',0.00018840852765981503
'19059',0.00027536630965665273
'19060',0.00027536630965665273
'19061',0.00046377483731646776
'19062',0.00046377483731646776
'19065',0.0001449296366613962
'19066',0.0001594226003275358
'19107',0.00027536630965665273
'19108',0.00027536630965665273
'19115',0.000420295946318049
'19116',0.000420295946318049
'19131',0.0003188452006550716
'19132',0.0003188452006550716
'19165',0.0010579863476281922
'19166',0.0010724793112943318
'19167',0.0008695778199683771
'19168',0.000840591892636098
'19201',0.000420295946318049
'19202',0.000420295946318049
'19203',0.00027536630965665273
'19204',0.00027536630965665273
'19215',0.0009130567109667959
'19216',0.0008985637473006564
'19221',0.00023188741865823388
'19222',0.00023188741865823388
'19223',0.0008260989289699582
'19224',0.000840591892636098
'19225',0.00033333816432121123
'19226',0.00033333816432121123
'19251',0.0002463803823243735
'19252',0.0002463803823243735
'19259',0.000608704473977864
'19260',0.000608704473977864
'19261',0.00046377483731646776
'19262',0.00043478890998418856
'19263',0.0004058029826519093
'19264',0.00046377483731646776
'19269',0.00047826780098260744
'19270',0.000492760764648747
'19301',0.00046377483731646776
'19302',0.000492760764648747
'19307',0.00027536630965665273
'19308',0.00027536630965665273
'19309',0.00027536630965665273
'19310',0.00027536630965665273
'19311',0.0003188452006550716
'19312',0.00026087334599051316
'19313',0.0002463803823243735
'19314',0.0002463803823243735
'19321',0.0002463803823243735
'19322',0.0002463803823243735
'19323',0.00011594370932911694
'19324',0.00011594370932911694
'19325',0.00037681705531963006
'19326',0.0003478311279873508
'19328',0.00023188741865823388
'19329',0.00026087334599051316
'19330',0.00026087334599051316
'19401',0.0003913100189857697
'19402',0.0003913100189857697
'19403',0.0002898592733227924
'19404',0.0002898592733227924
'19407',0.000304352236988932
'19408',0.000304352236988932
'19409',0.000420295946318049
'19410',0.000420295946318049
'19411',0.0001739155639936754
'19412',0.0001739155639936754
'19413',0.0005072537283148866
'19414',0.0005072537283148866
'19415',0.0004492818736503282
'19416',0.0004492818736503282
'19417',0.0002898592733227924
'19418',0.0002898592733227924
'19419',0.00037681705531963006
'19420',0.0003913100189857697
'19421',0.000420295946318049
'19422',0.000420295946318049
'19451',0.00021739445499209428
'19452',0.00021739445499209428
'19453',0.0005507326193133055
'19454',0.0005507326193133055
'19565',0.0005072537283148866
'19566',0.0005797185466455848
'19567',0.0005942115103117244
'19568',0.0005942115103117244
'19569',0.00033333816432121123
'19570',0.00033333816432121123
'19573',0.0002898592733227924
'19574',0.0002898592733227924
'19575',0.00027536630965665273
'19576',0.00027536630965665273
'19577',0.000420295946318049
'19578',0.0004058029826519093
'19579',0.0003478311279873508
'19580',0.0006521833649762828
'19601',0.000420295946318049
'19602',0.000420295946318049
'19607',0.00037681705531963006
'19608',0.0003913100189857697
'19609',0.00026087334599051316
'19610',0.00026087334599051316
'19611',0.00046377483731646776
'19612',0.0004492818736503282
'19613',0.0003913100189857697
'19614',0.0003913100189857697
'19653',0.000304352236988932
'19654',0.000304352236988932
'19659',0.0003478311279873508
'19660',0.00033333816432121123
'19665',0.00043478890998418856
'19666',0.00043478890998418856
'19707',0.0005797185466455848
'19708',0.0005797185466455848
'19709',0.0005362396556471659
'19710',0.0005362396556471659
'19711',0.0006376904013101432
'19712',0.000492760764648747
'19713',0.000492760764648747
'19714',0.00046377483731646776
'19715',0.0002463803823243735
'19716',0.0002463803823243735
'19717',0.00023188741865823388
'19718',0.00023188741865823388
'19801',0.00020290149132595465
'19802',0.00020290149132595465
'19803',0.0004058029826519093
'19804',0.0004058029826519093
'19805',0.0003188452006550716
'19806',0.0003188452006550716
'19943',0.00013043667299525658
'19944',0.00013043667299525658
'21028',0.0007681270743053998
'21068',0.0003188452006550716
'21107',0.000304352236988932
'21108',0.0003913100189857697
'21125',0.00027536630965665273
'21126',0.00023188741865823388
'22101',0.00011594370932911694
'22102',0.00011594370932911694
'22103',0.0002463803823243735
'22104',0.00026087334599051316
'22105',0.00011594370932911694
'22106',0.00010145074566297733
'22107',0.0001739155639936754
'22108',0.0001739155639936754
'22109',0.00013043667299525658
'22110',0.00013043667299525658
'22111',0.00027536630965665273
'22112',0.00027536630965665273
'22113',0.000420295946318049
'22114',0.0003913100189857697
'22115',0.00013043667299525658
'22116',0.0001449296366613962
'22117',8.69577819968377e-05
'22118',8.69577819968377e-05
'22119',0.0001739155639936754
'22120',0.0001739155639936754
'22131',0.000304352236988932
'22132',0.00027536630965665273
'22133',0.00020290149132595465
'22134',0.00018840852765981503
'22149',0.00027536630965665273
'22150',0.00027536630965665273
'22161',0.0001594226003275358
'22162',0.0001594226003275358
'22181',0.00021739445499209428
'22182',0.00021739445499209428
'22183',0.00011594370932911694
'22184',0.00011594370932911694
'22185',0.00010145074566297733
'22186',0.00010145074566297733
'22187',0.0001449296366613962
'22188',0.0001449296366613962
'22201',8.69577819968377e-05
'22202',8.69577819968377e-05
'22203',8.69577819968377e-05
'22204',8.69577819968377e-05
'22205',7.24648183306981e-05
'22206',5.797185466455847e-05
'22207',0.00013043667299525658
'22208',0.00010145074566297733
'22209',2.8985927332279235e-05
'22210',0.00010145074566297733
'22213',8.69577819968377e-05
'22214',8.69577819968377e-05
'22308',0.000420295946318049
'22309',0.00011594370932911694
'22310',0.00011594370932911694
'22351',0.0004058029826519093
'22352',0.0004058029826519093
'22356',8.69577819968377e-05
'22387',0.00023188741865823388
'22388',0.00023188741865823388
'22401',0.00013043667299525658
'22402',0.00011594370932911694
'22403',0.00021739445499209428
'22404',0.00021739445499209428
'22405',0.000304352236988932
'22406',0.000304352236988932
'22407',0.00013043667299525658
'22408',0.00013043667299525658
'22409',0.0001594226003275358
'22410',0.0001594226003275358
'22411',0.0002463803823243735
'22412',0.00026087334599051316
'22443',0.0003188452006550716
'22444',0.00033333816432121123
'22447',0.00013043667299525658
'22451',0.0003478311279873508
'22452',0.0003478311279873508
'22453',0.0001449296366613962
'22454',0.0001449296366613962
'22455',0.00021739445499209428
'22456',0.00021739445499209428
'22457',0.00037681705531963006
'22458',0.00037681705531963006
'22461',0.00013043667299525658
'22462',0.00013043667299525658
'22464',0.0001594226003275358
'22471',0.00020290149132595465
'22472',0.00020290149132595465
'22473',0.00033333816432121123
'22474',0.00033333816432121123
'22475',0.000492760764648747
'22476',0.0005217466919810263
'22477',0.0001449296366613962
'22478',0.0001449296366613962
'22479',0.00011594370932911694
'22480',0.00011594370932911694
'22481',0.00027536630965665273
'22482',0.00027536630965665273
'22483',0.00018840852765981503
'22484',0.00018840852765981503
'22487',0.0002898592733227924
'22511',0.00037681705531963006
'22512',0.00037681705531963006
'22601',0.00033333816432121123
'22602',0.0003478311279873508
'22603',0.0002898592733227924
'22604',0.0002898592733227924
'22605',0.0004492818736503282
'22606',0.0004492818736503282
'22607',0.00020290149132595465
'22608',0.00020290149132595465
'22609',0.00021739445499209428
'22610',0.00021739445499209428
'22611',0.0003188452006550716
'22612',0.0003188452006550716
'22613',0.0002463803823243735
'22614',0.00021739445499209428
'22615',0.00013043667299525658
'22616',0.00013043667299525658
'22617',0.00013043667299525658
'22618',0.00011594370932911694
'22619',0.00043478890998418856
'22620',0.00046377483731646776
'22621',0.0001739155639936754
'22622',0.0001739155639936754
'22623',0.0001739155639936754
'22624',0.0001739155639936754
'22625',0.00013043667299525658
'22626',0.0001449296366613962
'22627',0.00011594370932911694
'22628',0.00011594370932911694
'22629',0.0004058029826519093
'22630',0.000420295946318049
'22631',0.00046377483731646776
'22632',0.00046377483731646776
'22633',0.00043478890998418856
'22634',0.00043478890998418856
'22635',0.0001594226003275358
'22636',0.0001594226003275358
'22637',0.000492760764648747
'22638',0.0005217466919810263
'22639',0.0003913100189857697
'22640',0.0004058029826519093
'22641',0.0005652255829794451
'22642',0.0005362396556471659
'22643',0.0006666763286424225
'22644',0.0006231974376440035
'22645',0.0007681270743053998
'22646',0.0007826200379715394
'22647',0.0008116059653038186
'22648',0.0008116059653038186
'22649',0.00027536630965665273
'22650',0.00026087334599051316
'22651',0.00023188741865823388
'22652',0.0002463803823243735
'22653',0.000420295946318049
'22654',0.000420295946318049
'22655',0.000420295946318049
'22656',0.000420295946318049
'22679',0.00010145074566297733
'22680',0.00010145074566297733
'22681',0.0001739155639936754
'22682',0.0001594226003275358
'22683',0.0004492818736503282
'22684',0.0004492818736503282
'22685',0.0002463803823243735
'22686',0.00021739445499209428
'22688',0.00046377483731646776
'22691',0.00018840852765981503
'22692',0.00018840852765981503
'22693',0.00013043667299525658
'22694',0.00011594370932911694
'22695',0.00010145074566297733
'22696',0.00010145074566297733
'22801',0.00023188741865823388
'22802',0.00023188741865823388
'22803',0.0001594226003275358
'22804',0.0001594226003275358
'22805',0.00027536630965665273
'22806',0.00027536630965665273
'22807',0.00026087334599051316
'22808',0.00026087334599051316
'22809',0.0002463803823243735
'22810',0.0002463803823243735
'22811',0.00021739445499209428
'22812',0.00020290149132595465
'22813',0.0001739155639936754
'22814',0.0001739155639936754
'22815',0.0003478311279873508
'22816',0.0003623240916534905
'22817',0.000304352236988932
'22818',0.0003188452006550716
'22823',0.00020290149132595465
'22824',0.00021739445499209428
'22825',0.0003478311279873508
'22826',0.0003478311279873508
'22827',0.00026087334599051316
'22828',0.00026087334599051316
'22829',0.0004492818736503282
'22830',0.0004492818736503282
'22831',0.0002463803823243735
'22832',0.0002463803823243735
'22835',0.0001594226003275358
'22836',0.0001594226003275358
'22843',0.0003188452006550716
'22844',0.0003188452006550716
'22845',0.00026087334599051316
'22846',0.00026087334599051316
'22847',0.00033333816432121123
'22848',0.00033333816432121123
'22849',0.0002898592733227924
'22850',0.0002898592733227924
'22851',0.0005797185466455848
'22852',0.0005797185466455848
'22853',0.00023188741865823388
'22854',0.00023188741865823388
'22855',0.00026087334599051316
'22856',0.00027536630965665273
'22857',0.0001739155639936754
'22858',0.0001739155639936754
'22859',0.000304352236988932
'22860',0.000304352236988932
'22865',0.00026087334599051316
'22866',0.0002463803823243735
'22869',0.00018840852765981503
'22870',0.00018840852765981503
'22871',0.00026087334599051316
'22872',0.00026087334599051316
'22873',0.00023188741865823388
'22874',0.00023188741865823388
'22875',0.00018840852765981503
'22876',0.00018840852765981503
'22877',0.00018840852765981503
'22878',0.00018840852765981503
'22879',0.0002898592733227924
'22880',0.0002898592733227924
'22881',0.00020290149132595465
'22882',0.00020290149132595465
'22883',0.00037681705531963006
'22884',0.00037681705531963006
'22889',0.00018840852765981503
'22890',0.00018840852765981503
'22891',0.00020290149132595465
'22892',0.00020290149132595465
'22893',0.00023188741865823388
'22894',0.00021739445499209428
'22901',0.00021739445499209428
'22902',0.00023188741865823388
'22903',0.00011594370932911694
'22904',0.00011594370932911694
'22905',0.00043478890998418856
'22907',0.00027536630965665273
'22908',0.00026087334599051316
'22909',0.0003478311279873508
'22910',0.0003478311279873508
'22911',0.000492760764648747
'22912',0.000492760764648747
'22915',0.00043478890998418856
'22916',0.00043478890998418856
'22917',0.00037681705531963006
'22918',0.00037681705531963006
'22926',0.000492760764648747
'22927',0.0003188452006550716
'22928',0.0002463803823243735
'22931',0.0003913100189857697
'22932',0.0003913100189857697
'22933',0.00021739445499209428
'22934',0.00021739445499209428
'22935',0.00018840852765981503
'22936',0.00018840852765981503
'22937',0.00033333816432121123
'22938',0.00033333816432121123
'22939',0.00033333816432121123
'22940',0.00033333816432121123
'22941',0.00023188741865823388
'22942',0.00023188741865823388
'22981',0.0004058029826519093
'22982',0.0004058029826519093
'22996',0.0002463803823243735
'23010',0.0010290004202959128
'23142',0.000420295946318049
'23154',0.0004058029826519093
'23225',0.00027536630965665273
'23226',0.00027536630965665273
'23346',0.0001594226003275358
'23347',0.0004492818736503282
'23348',0.0004492818736503282
'24042',0.00021739445499209428
'24227',0.00020290149132595465
'24228',0.00018840852765981503
'24369',0.0005217466919810263
'24370',0.0006666763286424225
'24512',0.00037681705531963006
'24887',0.0005942115103117244
'24888',0.0005797185466455848
'25014',0.00047826780098260744
'25036',7.24648183306981e-05
'25631',0.00047826780098260744
'25910',0.000608704473977864
'28182',0.000492760764648747
'28242',0.0002898592733227924
'28624',0.0003623240916534905
'29019',0.0005362396556471659
'29020',0.0005072537283148866
'29059',0.00026087334599051316
'29060',0.00026087334599051316
'50103',0.0005362396556471659
'50104',0.0005507326193133055
'50105',0.0006666763286424225
'50106',0.000681169292308562
'51027',0.00037681705531963006
'51028',0.000420295946318049
'51029',0.0004492818736503282
'51030',0.000492760764648747
'51033',0.0003913100189857697
'51034',0.00043478890998418856
'51118',0.00023188741865823388
'51196',0.000608704473977864
'51401',0.000492760764648747
'51402',0.000492760764648747
'51421',0.001217408947955728
'51422',0.0010869722749604713
'51433',0.0007536341106392601
'51434',0.0007536341106392601
'51450',0.0004492818736503282
'51451',0.00020290149132595465
'51452',0.00020290149132595465
'51455',0.00046377483731646776
'51701',0.0003623240916534905
'51702',0.0003623240916534905
'51753',0.00043478890998418856
'51754',0.00043478890998418856
'52075',0.00023188741865823388
'52076',0.00023188741865823388
'52228',0.00020290149132595465
'52451',2.8985927332279235e-05
'52452',2.8985927332279235e-05
'52453',0.0001739155639936754
'52454',0.00020290149132595465
'52455',0.0001594226003275358
'52456',0.0001594226003275358
'52457',0.0002898592733227924
'52458',0.0002898592733227924
'52544',7.24648183306981e-05
'52545',7.24648183306981e-05
'52546',4.347889099841885e-05
'52547',4.347889099841885e-05
'52548',4.347889099841885e-05
'52549',4.347889099841885e-05
'52551',8.69577819968377e-05
'52570',7.24648183306981e-05
'52571',7.24648183306981e-05
'52572',4.347889099841885e-05
'52573',4.347889099841885e-05
'52574',4.347889099841885e-05
'52575',4.347889099841885e-05
'52587',7.24648183306981e-05
'52588',7.24648183306981e-05
'52973',0.0005652255829794451
'52974',0.0005507326193133055
'52993',0.00047826780098260744
'52994',0.00046377483731646776
'53003',0.0006231974376440035
'53004',0.0005652255829794451
'53047',0.00033333816432121123
'53048',0.0003478311279873508
'53049',0.0007391411469731205
'53050',0.0006956622559747016
'53139',0.00026087334599051316
'53140',0.00026087334599051316
'53172',0.0005507326193133055
'53175',0.0005072537283148866
'53178',0.0005217466919810263
'53181',0.000492760764648747
'53520',0.00021739445499209428
'54075',0.0005797185466455848
'54076',0.0006376904013101432
'54077',0.0004058029826519093
'54078',0.0005362396556471659
'54253',0.0004492818736503282
'54254',0.0004492818736503282
'54601',0.0005362396556471659
'54602',0.0005507326193133055
'54701',0.00047826780098260744
'54702',0.000608704473977864
'54703',0.0008695778199683771
'54704',0.0008260989289699582
'54801',0.00026087334599051316
'54802',0.0002463803823243735
'54805',0.0013188596936187054
'54806',0.0012753808026202864
'54811',0.0014203104392816828
'54812',0.0013043667299525656
'54833',0.0005942115103117244
'54834',0.0005942115103117244
'55149',0.000420295946318049
'55150',0.00043478890998418856
'55322',0.000681169292308562
'55601',0.00037681705531963006
'55602',0.00037681705531963006
'56101',0.00010145074566297733
'56136',0.00011594370932911694
'56137',0.00011594370932911694
'56138',8.69577819968377e-05
'56139',8.69577819968377e-05
'56213',0.0006666763286424225
'56214',0.000681169292308562
'56263',0.0002463803823243735
'56264',0.0002463803823243735
'56501',0.0010145074566297733
'56502',0.0010434933839620526
'56503',0.0011304511659588903
'56504',0.0011449441296250296
'56640',0.00043478890998418856
'56641',0.00043478890998418856
'56700',0.0006666763286424225
'56701',0.0007101552196408414
'56903',0.00046377483731646776
'56904',0.0004492818736503282
'56909',0.0007826200379715394
'56910',0.0005072537283148866
'56912',0.0005217466919810263
'57129',0.0008985637473006564
'57130',0.0007391411469731205
'57229',0.0005072537283148866
'57230',0.0005362396556471659
'57257',0.001333352657284845
'57258',0.0013043667299525656
'57264',0.0004058029826519093
'57265',0.000420295946318049
'57271',0.0009710285656313546
'57272',0.0010145074566297733
'57273',0.0008840707836345167
'57274',0.0008840707836345167
'57305',0.0011304511659588903
'57306',0.0008116059653038186
'57477',0.00046377483731646776
'57478',0.00046377483731646776
'57515',0.0008550848563022375
'57516',0.0008116059653038186
'57549',0.0008550848563022375
'57550',0.0008116059653038186
'57563',0.0006521833649762828
'57564',0.0004058029826519093
'57619',0.00033333816432121123
'57620',0.0003478311279873508
'57625',0.0005362396556471659
'57626',0.0005362396556471659
'57651',0.0005942115103117244
'57652',0.0005942115103117244
'58011',0.0006666763286424225
'58012',0.0006666763286424225
'58013',0.0005362396556471659
'58014',0.0005362396556471659
'58111',0.0014203104392816828
'58112',0.0015362541486107996
'58113',0.0008260989289699582
'58114',0.0008695778199683771
'58219',0.000420295946318049
'58220',0.0011304511659588903
'58221',0.0002898592733227924
'58222',0.0002898592733227924
'58229',0.0005507326193133055
'58230',0.0005507326193133055
'58501',0.0007536341106392601
'58502',0.0007391411469731205
'58529',0.0008985637473006564
'58530',0.0008840707836345167
'58701',0.0003478311279873508
'58702',0.0003478311279873508
'58832',0.000304352236988932
'58835',0.00027536630965665273
'58837',0.00021739445499209428
'58838',0.00021739445499209428
'58839',0.0007536341106392601
'58840',0.0007536341106392601
'58865',0.0003623240916534905
'58867',0.0003623240916534905
'58868',0.00033333816432121123
'58870',0.00033333816432121123
'58871',0.000304352236988932
'59013',0.00046377483731646776
'59014',0.0004492818736503282
'59025',0.000304352236988932
'59026',0.000304352236988932
'59075',0.0006666763286424225
'59076',0.001101465238626611
'59077',0.00047826780098260744
'59078',0.00047826780098260744
'59207',0.0009275496746329355
'59208',0.0009130567109667959
'59230',0.0003188452006550716
'59272',0.0005797185466455848
'59307',0.000492760764648747
'59320',0.0005362396556471659
'59385',0.0007101552196408414
'59386',0.001855099349265871
'59389',0.00026087334599051316
'59390',0.0002463803823243735
'59393',0.0007391411469731205
'59394',0.0007391411469731205
'59439',0.0010434933839620526
'59440',0.000985521529297494
'59441',0.0013913245119494032
'59442',0.0010869722749604713
'59460',0.00046377483731646776
'59547',0.0007536341106392601
'59548',0.0006956622559747016
'59801',0.0001594226003275358
'59802',0.0005507326193133055
'59811',0.0010290004202959128
'59812',0.0009565356019652149
'59821',0.0004492818736503282
'59822',0.00046377483731646776
'72451',4.347889099841885e-05
'72452',4.347889099841885e-05
'74639',0.00011594370932911694
'74640',0.00011594370932911694
'83131',0.0005217466919810263
'83132',0.000492760764648747
'84369',0.0005652255829794451
