'13050',0.00178132028257985
'15640',0.00178132028257985
'14659',0.00178132028257985
'14096',0.00178132028257985
'59821',0.00178132028257985
'59822',0.00178132028257985
'18623',0.00178132028257985
'15901',0.00178132028257985
'15909',0.00178132028257985
'55322',0.00178132028257985
'12721',0.00178132028257985
'16232',0.00178132028257985
'16236',0.00178132028257985
'57305',0.00178132028257985
'58832',0.00178132028257985
'14265',0.00178132028257985
'15930',0.00178132028257985
'59547',0.00178132028257985
'59013',0.00178132028257985
'11030',0.00178132028257985
'14511',0.00178132028257985
'59307',0.00178132028257985
'11039',0.00178132028257985
'59802',0.00178132028257985
'12937',0.00178132028257985
'22856',0.00178132028257985
'54078',0.00178132028257985
'19024',0.00178132028257985
'15661',0.00178132028257985
'53178',0.00178132028257985
'53172',0.00178132028257985
'57257',0.00178132028257985
'57258',0.00178132028257985
'59811',0.00178132028257985
'15008',0.00178132028257985
'14235',0.00178132028257985
'13134',0.00178132028257985
'13131',0.00178132028257985
'18191',0.00178132028257985
'12867',0.00178132028257985
'15015',0.00178132028257985
'13132',0.00178132028257985
'57129',0.00178132028257985
'13413',0.00178132028257985
'57230',0.00178132028257985
'52551',0.00178132028257985
'13307',0.00178132028257985
'13302',0.00178132028257985
'15159',0.00178132028257985
'19019',0.00178132028257985
'14033',0.00178132028257985
'54811',0.00178132028257985
'11047',0.00178132028257985
'12461',0.00178132028257985
'53048',0.00178132028257985
'28624',0.00178132028257985
'14810',0.00178132028257985
'22401',0.00178132028257985
'56503',0.00178132028257985
'57563',0.00178132028257985
'54806',0.00178132028257985
'54801',0.00178132028257985
'18239',0.00178132028257985
'18238',0.00178132028257985
'11058',0.00178132028257985
'53050',0.00178132028257985
'58112',0.00178132028257985
'14163',0.00178132028257985
'18646',0.00178132028257985
'13019',0.00178132028257985
'19040',0.00178132028257985
'56701',0.00178132028257985
'52993',0.00178132028257985
'57549',0.00178132028257985
'54602',0.00178132028257985
'54601',0.00178132028257985
'01156',0.00178132028257985
'59385',0.00178132028257985
'11023',0.00178132028257985
'13151',0.00178132028257985
'54702',0.00178132028257985
'11029',0.00178132028257985
'13022',0.00178132028257985
'59442',0.00178132028257985
'59441',0.00178132028257985
'18507',0.00178132028257985
'53003',0.00178132028257985
'12149',0.00178132028257985
'53049',0.00178132028257985
'58501',0.00178132028257985
'19944',0.00178132028257985
'14632',0.00178132028257985
'16860',0.00178132028257985
'13049',0.00178132028257985
'19718',0.000890660141289926
'19717',0.000890660141289926
'18447',0.000890660141289926
'13021',0.000890660141289926
'13020',0.000890660141289926
'19409',0.000890660141289926
'22481',0.000890660141289926
'22482',0.000890660141289926
'17250',0.000890660141289926
'51118',0.000890660141289926
'57478',0.000890660141289926
'57477',0.000890660141289926
'56904',0.000890660141289926
'56903',0.000890660141289926
'56909',0.000890660141289926
'15203',0.000890660141289926
'12992',0.000890660141289926
'58839',0.000890660141289926
'15719',0.000890660141289926
'14681',0.000890660141289926
'13052',0.000890660141289926
'13051',0.000890660141289926
'12946',0.000890660141289926
'12945',0.000890660141289926
'58529',0.000890660141289926
'12832',0.000890660141289926
'12831',0.000890660141289926
'12837',0.000890660141289926
'12838',0.000890660141289926
'15043',0.000890660141289926
'15044',0.000890660141289926
'22479',0.000890660141289926
'19410',0.000890660141289926
'56136',0.000890660141289926
'56137',0.000890660141289926
'57265',0.000890660141289926
'57264',0.000890660141289926
'19566',0.000890660141289926
'56910',0.000890660141289926
'56912',0.000890660141289926
'12139',0.000890660141289926
'58840',0.000890660141289926
'14890',0.000890660141289926
'18448',0.000890660141289926
'22480',0.000890660141289926
'05968',0.000890660141289926
'05967',0.000890660141289926
'18620',0.000890660141289926
'18624',0.000890660141289926
'18626',0.000890660141289926
'58530',0.000890660141289926
'12828',0.000890660141289926
'12827',0.000890660141289926
'15316',0.000890660141289926
'11025',0.000890660141289926
'11026',0.000890660141289926
'22649',0.000890660141289926
'16129',0.000890660141289926
'56101',0.000890660141289926
'57272',0.000890660141289926
'57273',0.000890660141289926
'57271',0.000890660141289926
'16723',0.000890660141289926
'16235',0.000890660141289926
'22111',0.000890660141289926
'16344',0.000890660141289926
'16343',0.000890660141289926
'16349',0.000890660141289926
'57306',0.000890660141289926
'22813',0.000890660141289926
'22814',0.000890660141289926
'14889',0.000890660141289926
'18437',0.000890660141289926
'18438',0.000890660141289926
'15603',0.000890660141289926
'15605',0.000890660141289926
'15604',0.000890660141289926
'15606',0.000890660141289926
'09628',0.000890660141289926
'59460',0.000890660141289926
'14266',0.000890660141289926
'14214',0.000890660141289926
'19037',0.000890660141289926
'59548',0.000890660141289926
'51450',0.000890660141289926
'51451',0.000890660141289926
'12852',0.000890660141289926
'51455',0.000890660141289926
'14519',0.000890660141289926
'22650',0.000890660141289926
'22651',0.000890660141289926
'22652',0.000890660141289926
'12455',0.000890660141289926
'19612',0.000890660141289926
'19611',0.000890660141289926
'16228',0.000890660141289926
'16227',0.000890660141289926
'53181',0.000890660141289926
'12851',0.000890660141289926
'16350',0.000890660141289926
'51452',0.000890660141289926
'13242',0.000890660141289926
'13241',0.000890660141289926
'18425',0.000890660141289926
'15616',0.000890660141289926
'15615',0.000890660141289926
'14218',0.000890660141289926
'14213',0.000890660141289926
'14212',0.000890660141289926
'14217',0.000890660141289926
'15928',0.000890660141289926
'15927',0.000890660141289926
'15108',0.000890660141289926
'15107',0.000890660141289926
'15818',0.000890660141289926
'13152',0.000890660141289926
'14520',0.000890660141289926
'16862',0.000890660141289926
'12446',0.000890660141289926
'59207',0.000890660141289926
'12445',0.000890660141289926
'59208',0.000890660141289926
'16101',0.000890660141289926
'16105',0.000890660141289926
'12456',0.000890660141289926
'12949',0.000890660141289926
'16589',0.000890660141289926
'57651',0.000890660141289926
'57652',0.000890660141289926
'52228',0.000890660141289926
'53175',0.000890660141289926
'11652',0.000890660141289926
'11651',0.000890660141289926
'52572',0.000890660141289926
'52573',0.000890660141289926
'59812',0.000890660141289926
'18410',0.000890660141289926
'05066',0.000890660141289926
'15959',0.000890660141289926
'11123',0.000890660141289926
'11124',0.000890660141289926
'14682',0.000890660141289926
'12876',0.000890660141289926
'15004',0.000890660141289926
'15003',0.000890660141289926
'11018',0.000890660141289926
'11017',0.000890660141289926
'11013',0.000890660141289926
'11048',0.000890660141289926
'15315',0.000890660141289926
'23347',0.000890660141289926
'23348',0.000890660141289926
'19039',0.000890660141289926
'16021',0.000890660141289926
'16022',0.000890660141289926
'16203',0.000890660141289926
'56640',0.000890660141289926
'56641',0.000890660141289926
'16592',0.000890660141289926
'16115',0.000890660141289926
'16116',0.000890660141289926
'56264',0.000890660141289926
'56504',0.000890660141289926
'57130',0.000890660141289926
'57229',0.000890660141289926
'17405',0.000890660141289926
'17406',0.000890660141289926
'18404',0.000890660141289926
'14056',0.000890660141289926
'14055',0.000890660141289926
'18409',0.000890660141289926
'54834',0.000890660141289926
'18403',0.000890660141289926
'54833',0.000890660141289926
'13133',0.000890660141289926
'18192',0.000890660141289926
'15017',0.000890660141289926
'15018',0.000890660141289926
'15617',0.000890660141289926
'11063',0.000890660141289926
'11064',0.000890660141289926
'23226',0.000890660141289926
'23225',0.000890660141289926
'15308',0.000890660141289926
'52973',0.000890660141289926
'52974',0.000890660141289926
'19005',0.000890660141289926
'16301',0.000890660141289926
'16303',0.000890660141289926
'16302',0.000890660141289926
'16304',0.000890660141289926
'58014',0.000890660141289926
'58013',0.000890660141289926
'58012',0.000890660141289926
'58011',0.000890660141289926
'12254',0.000890660141289926
'13308',0.000890660141289926
'13301',0.000890660141289926
'22981',0.000890660141289926
'22982',0.000890660141289926
'18210',0.000890660141289926
'18697',0.000890660141289926
'18698',0.000890660141289926
'13120',0.000890660141289926
'14315',0.000890660141289926
'14316',0.000890660141289926
'12891',0.000890660141289926
'12892',0.000890660141289926
'18030',0.000890660141289926
'59439',0.000890660141289926
'12524',0.000890660141289926
'12523',0.000890660141289926
'18001',0.000890660141289926
'01428',0.000890660141289926
'12665',0.000890660141289926
'12662',0.000890660141289926
'12663',0.000890660141289926
'12661',0.000890660141289926
'19653',0.000890660141289926
'16177',0.000890660141289926
'19654',0.000890660141289926
'16178',0.000890660141289926
'12084',0.000890660141289926
'12083',0.000890660141289926
'09627',0.000890660141289926
'13201',0.000890660141289926
'54812',0.000890660141289926
'18209',0.000890660141289926
'54253',0.000890660141289926
'54254',0.000890660141289926
'15817',0.000890660141289926
'54075',0.000890660141289926
'54077',0.000890660141289926
'54076',0.000890660141289926
'15618',0.000890660141289926
'12889',0.000890660141289926
'18029',0.000890660141289926
'15960',0.000890660141289926
'14211',0.000890660141289926
'11301',0.000890660141289926
'11304',0.000890660141289926
'12403',0.000890660141289926
'12404',0.000890660141289926
'11271',0.000890660141289926
'11272',0.000890660141289926
'51196',0.000890660141289926
'17234',0.000890660141289926
'17233',0.000890660141289926
'57564',0.000890660141289926
'53047',0.000890660141289926
'17480',0.000890660141289926
'54805',0.000890660141289926
'54802',0.000890660141289926
'12343',0.000890660141289926
'12344',0.000890660141289926
'22892',0.000890660141289926
'22891',0.000890660141289926
'18304',0.000890660141289926
'18303',0.000890660141289926
'11057',0.000890660141289926
'16102',0.000890660141289926
'74640',0.000890660141289926
'12502',0.000890660141289926
'12501',0.000890660141289926
'50105',0.000890660141289926
'50104',0.000890660141289926
'50106',0.000890660141289926
'19215',0.000890660141289926
'13119',0.000890660141289926
'17202',0.000890660141289926
'17201',0.000890660141289926
'57550',0.000890660141289926
'58111',0.000890660141289926
'58114',0.000890660141289926
'14012',0.000890660141289926
'14011',0.000890660141289926
'16590',0.000890660141289926
'16591',0.000890660141289926
'09607',0.000890660141289926
'09608',0.000890660141289926
'18311',0.000890660141289926
'18645',0.000890660141289926
'15160',0.000890660141289926
'13007',0.000890660141289926
'13009',0.000890660141289926
'13008',0.000890660141289926
'59393',0.000890660141289926
'18002',0.000890660141289926
'59394',0.000890660141289926
'12950',0.000890660141289926
'74639',0.000890660141289926
'15231',0.000890660141289926
'15232',0.000890660141289926
'16526',0.000890660141289926
'12637',0.000890660141289926
'12638',0.000890660141289926
'56700',0.000890660141289926
'16204',0.000890660141289926
'16630',0.000890660141289926
'19226',0.000890660141289926
'19225',0.000890660141289926
'19224',0.000890660141289926
'19223',0.000890660141289926
'13347',0.000890660141289926
'13348',0.000890660141289926
'14001',0.000890660141289926
'14002',0.000890660141289926
'14005',0.000890660141289926
'14006',0.000890660141289926
'16106',0.000890660141289926
'12252',0.000890660141289926
'12251',0.000890660141289926
'16859',0.000890660141289926
'12160',0.000890660141289926
'10104',0.000890660141289926
'10103',0.000890660141289926
'13010',0.000890660141289926
'59386',0.000890660141289926
'59076',0.000890660141289926
'59075',0.000890660141289926
'19020',0.000890660141289926
'19023',0.000890660141289926
'51434',0.000890660141289926
'51433',0.000890660141289926
'55150',0.000890660141289926
'56214',0.000890660141289926
'21028',0.000890660141289926
'16629',0.000890660141289926
'11402',0.000890660141289926
'11401',0.000890660141289926
'52076',0.000890660141289926
'52075',0.000890660141289926
'12288',0.000890660141289926
'52457',0.000890660141289926
'57625',0.000890660141289926
'52458',0.000890660141289926
'57626',0.000890660141289926
'22935',0.000890660141289926
'22936',0.000890660141289926
'15274',0.000890660141289926
'13153',0.000890660141289926
'54703',0.000890660141289926
'54701',0.000890660141289926
'54704',0.000890660141289926
'14705',0.000890660141289926
'14610',0.000890660141289926
'05818',0.000890660141289926
'05817',0.000890660141289926
'13023',0.000890660141289926
'13024',0.000890660141289926
'59440',0.000890660141289926
'12991',0.000890660141289926
'14723',0.000890660141289926
'14724',0.000890660141289926
'24512',0.000890660141289926
'23154',0.000890660141289926
'22202',0.000890660141289926
'22201',0.000890660141289926
'18426',0.000890660141289926
'25910',0.000890660141289926
'55149',0.000890660141289926
'12762',0.000890660141289926
'12761',0.000890660141289926
'17479',0.000890660141289926
'15204',0.000890660141289926
'05065',0.000890660141289926
'53004',0.000890660141289926
'14114',0.000890660141289926
'13141',0.000890660141289926
'13142',0.000890660141289926
'13149',0.000890660141289926
'56213',0.000890660141289926
'01427',0.000890660141289926
'16127',0.000890660141289926
'18619',0.000890660141289926
'18615',0.000890660141289926
'18616',0.000890660141289926
'14609',0.000890660141289926
'14732',0.000890660141289926
'14731',0.000890660141289926
'14553',0.000890660141289926
'58502',0.000890660141289926
'12815',0.000890660141289926
'12814',0.000890660141289926
'12816',0.000890660141289926
'12813',0.000890660141289926
'56263',0.000890660141289926
'55601',0.000890660141289926
'55602',0.000890660141289926
'51701',0.000890660141289926
'51702',0.000890660141289926
'14554',0.000890660141289926
'14236',0.000890660141289926
'12771',0.000890660141289926
'12772',0.000890660141289926
'57274',0.000890660141289926
'19943',0.000890660141289926
'17643',0.000890660141289926
'17644',0.000890660141289926
'13150',0.000890660141289926
'17249',0.000890660141289926
'22112',0.000890660141289926
'17023',0.000890660141289926
'16231',0.000890660141289926
'19216',0.000890660141289926
'12392',0.000890660141289926
'16861',0.000890660141289926
'12391',0.000890660141289926
'12159',0.000890660141289926
'16724',0.000890660141289926
'18416',0.000890660141289926
'18415',0.000890660141289926
'15273',0.000890660141289926
'15720',0.000890660141289926
'18603',0.000890660141289926
'14631',0.000890660141289926
'14706',0.000890660141289926
'19712',0.000593773427520679
'19711',0.000593773427520679
'24888',0.000593773427520679
'18450',0.000593773427520679
'12492',0.000593773427520679
'59320',0.000593773427520679
'19707',0.000593773427520679
'19708',0.000593773427520679
'18629',0.000593773427520679
'83131',0.000593773427520679
'83132',0.000593773427520679
'51030',0.000593773427520679
'11024',0.000593773427520679
'22640',0.000593773427520679
'21126',0.000593773427520679
'21125',0.000593773427520679
'17639',0.000593773427520679
'12031',0.000593773427520679
'16347',0.000593773427520679
'58837',0.000593773427520679
'14888',0.000593773427520679
'14887',0.000593773427520679
'12213',0.000593773427520679
'12214',0.000593773427520679
'15110',0.000593773427520679
'15111',0.000593773427520679
'15112',0.000593773427520679
'12735',0.000593773427520679
'17609',0.000593773427520679
'58220',0.000593773427520679
'14320',0.000593773427520679
'24370',0.000593773427520679
'11007',0.000593773427520679
'51028',0.000593773427520679
'16032',0.000593773427520679
'16031',0.000593773427520679
'57619',0.000593773427520679
'24369',0.000593773427520679
'12874',0.000593773427520679
'15007',0.000593773427520679
'15009',0.000593773427520679
'19325',0.000593773427520679
'23346',0.000593773427520679
'15206',0.000593773427520679
'19031',0.000593773427520679
'16688',0.000593773427520679
'17404',0.000593773427520679
'17401',0.000593773427520679
'17402',0.000593773427520679
'18573',0.000593773427520679
'14309',0.000593773427520679
'15013',0.000593773427520679
'15014',0.000593773427520679
'15307',0.000593773427520679
'19006',0.000593773427520679
'12675',0.000593773427520679
'12676',0.000593773427520679
'19310',0.000593773427520679
'14223',0.000593773427520679
'14224',0.000593773427520679
'14319',0.000593773427520679
'14311',0.000593773427520679
'14556',0.000593773427520679
'59230',0.000593773427520679
'12065',0.000593773427520679
'19309',0.000593773427520679
'16318',0.000593773427520679
'13202',0.000593773427520679
'11040',0.000593773427520679
'16518',0.000593773427520679
'56502',0.000593773427520679
'16517',0.000593773427520679
'12609',0.000593773427520679
'18237',0.000593773427520679
'18236',0.000593773427520679
'18235',0.000593773427520679
'14152',0.000593773427520679
'14151',0.000593773427520679
'22412',0.000593773427520679
'14018',0.000593773427520679
'14016',0.000593773427520679
'14164',0.000593773427520679
'18312',0.000593773427520679
'13105',0.000593773427520679
'13106',0.000593773427520679
'12519',0.000593773427520679
'51421',0.000593773427520679
'16523',0.000593773427520679
'16187',0.000593773427520679
'14008',0.000593773427520679
'18101',0.000593773427520679
'18109',0.000593773427520679
'58870',0.000593773427520679
'12624',0.000593773427520679
'25014',0.000593773427520679
'52454',0.000593773427520679
'18110',0.000593773427520679
'15205',0.000593773427520679
'12766',0.000593773427520679
'18611',0.000593773427520679
'18612',0.000593773427520679
'15645',0.000593773427520679
'15647',0.000593773427520679
'51034',0.000593773427520679
'12605',0.000593773427520679
'17640',0.000593773427520679
'05010',0.000593773427520679
'12152',0.000593773427520679
'58867',0.000593773427520679
'58865',0.000593773427520679
'58868',0.000593773427520679
'12556',0.000593773427520679
'19713',0.000445330070644963
'19714',0.000445330070644963
'18242',0.000445330070644963
'21108',0.000445330070644963
'22487',0.000445330070644963
'19577',0.000445330070644963
'17256',0.000445330070644963
'19578',0.000445330070644963
'17035',0.000445330070644963
'17036',0.000445330070644963
'18452',0.000445330070644963
'18451',0.000445330070644963
'22870',0.000445330070644963
'15714',0.000445330070644963
'15713',0.000445330070644963
'22810',0.000445330070644963
'14711',0.000445330070644963
'15668',0.000445330070644963
'15667',0.000445330070644963
'18630',0.000445330070644963
'12068',0.000445330070644963
'12067',0.000445330070644963
'22471',0.000445330070644963
'22472',0.000445330070644963
'19301',0.000445330070644963
'14645',0.000445330070644963
'56138',0.000445330070644963
'56139',0.000445330070644963
'21107',0.000445330070644963
'01152',0.000445330070644963
'22809',0.000445330070644963
'14650',0.000445330070644963
'14095',0.000445330070644963
'12959',0.000445330070644963
'18621',0.000445330070644963
'18622',0.000445330070644963
'12488',0.000445330070644963
'11447',0.000445330070644963
'12821',0.000445330070644963
'12822',0.000445330070644963
'11027',0.000445330070644963
'14503',0.000445330070644963
'11028',0.000445330070644963
'16650',0.000445330070644963
'24887',0.000445330070644963
'16341',0.000445330070644963
'16342',0.000445330070644963
'16348',0.000445330070644963
'58838',0.000445330070644963
'58835',0.000445330070644963
'13187',0.000445330070644963
'13188',0.000445330070644963
'15934',0.000445330070644963
'05115',0.000445330070644963
'05116',0.000445330070644963
'14649',0.000445330070644963
'15933',0.000445330070644963
'59014',0.000445330070644963
'15115',0.000445330070644963
'15116',0.000445330070644963
'11108',0.000445330070644963
'11107',0.000445330070644963
'12858',0.000445330070644963
'12857',0.000445330070644963
'08891',0.000445330070644963
'12457',0.000445330070644963
'19167',0.000445330070644963
'19168',0.000445330070644963
'12458',0.000445330070644963
'16593',0.000445330070644963
'16351',0.000445330070644963
'16649',0.000445330070644963
'12021',0.000445330070644963
'12022',0.000445330070644963
'19580',0.000445330070644963
'16352',0.000445330070644963
'08892',0.000445330070644963
'13466',0.000445330070644963
'13465',0.000445330070644963
'12201',0.000445330070644963
'12202',0.000445330070644963
'14674',0.000445330070644963
'14673',0.000445330070644963
'13247',0.000445330070644963
'13246',0.000445330070644963
'13245',0.000445330070644963
'13248',0.000445330070644963
'59801',0.000445330070644963
'14321',0.000445330070644963
'14322',0.000445330070644963
'18517',0.000445330070644963
'11005',0.000445330070644963
'07301',0.000445330070644963
'22620',0.000445330070644963
'12443',0.000445330070644963
'19165',0.000445330070644963
'19166',0.000445330070644963
'19047',0.000445330070644963
'12057',0.000445330070644963
'12058',0.000445330070644963
'17408',0.000445330070644963
'14660',0.000445330070644963
'14662',0.000445330070644963
'19610',0.000445330070644963
'18412',0.000445330070644963
'18411',0.000445330070644963
'15620',0.000445330070644963
'14203',0.000445330070644963
'14204',0.000445330070644963
'18189',0.000445330070644963
'15483',0.000445330070644963
'18181',0.000445330070644963
'15484',0.000445330070644963
'12872',0.000445330070644963
'12871',0.000445330070644963
'23010',0.000445330070644963
'12043',0.000445330070644963
'16594',0.000445330070644963
'12044',0.000445330070644963
'16185',0.000445330070644963
'16184',0.000445330070644963
'13401',0.000445330070644963
'13403',0.000445330070644963
'13402',0.000445330070644963
'13404',0.000445330070644963
'17407',0.000445330070644963
'13225',0.000445330070644963
'13226',0.000445330070644963
'52994',0.000445330070644963
'14307',0.000445330070644963
'14308',0.000445330070644963
'14605',0.000445330070644963
'22352',0.000445330070644963
'03402',0.000445330070644963
'12671',0.000445330070644963
'12672',0.000445330070644963
'13414',0.000445330070644963
'16307',0.000445330070644963
'06228',0.000445330070644963
'14041',0.000445330070644963
'13233',0.000445330070644963
'13234',0.000445330070644963
'18695',0.000445330070644963
'18696',0.000445330070644963
'16855',0.000445330070644963
'16854',0.000445330070644963
'16856',0.000445330070644963
'14318',0.000445330070644963
'14314',0.000445330070644963
'14317',0.000445330070644963
'14312',0.000445330070644963
'14313',0.000445330070644963
'12894',0.000445330070644963
'12893',0.000445330070644963
'14555',0.000445330070644963
'22619',0.000445330070644963
'22613',0.000445330070644963
'22614',0.000445330070644963
'12411',0.000445330070644963
'12412',0.000445330070644963
'16578',0.000445330070644963
'16577',0.000445330070644963
'19302',0.000445330070644963
'16313',0.000445330070644963
'16314',0.000445330070644963
'17315',0.000445330070644963
'17316',0.000445330070644963
'11448',0.000445330070644963
'17429',0.000445330070644963
'12241',0.000445330070644963
'12242',0.000445330070644963
'13330',0.000445330070644963
'53140',0.000445330070644963
'14034',0.000445330070644963
'18206',0.000445330070644963
'18205',0.000445330070644963
'18202',0.000445330070644963
'18201',0.000445330070644963
'13110',0.000445330070644963
'18516',0.000445330070644963
'18515',0.000445330070644963
'18518',0.000445330070644963
'14369',0.000445330070644963
'15619',0.000445330070644963
'11044',0.000445330070644963
'11043',0.000445330070644963
'12468',0.000445330070644963
'12467',0.000445330070644963
'12402',0.000445330070644963
'12401',0.000445330070644963
'19061',0.000445330070644963
'12537',0.000445330070644963
'19062',0.000445330070644963
'12538',0.000445330070644963
'56501',0.000445330070644963
'17302',0.000445330070644963
'17301',0.000445330070644963
'17430',0.000445330070644963
'13329',0.000445330070644963
'53139',0.000445330070644963
'13255',0.000445330070644963
'18233',0.000445330070644963
'18234',0.000445330070644963
'13256',0.000445330070644963
'14805',0.000445330070644963
'14806',0.000445330070644963
'14370',0.000445330070644963
'12436',0.000445330070644963
'12435',0.000445330070644963
'50103',0.000445330070644963
'22411',0.000445330070644963
'16333',0.000445330070644963
'16334',0.000445330070644963
'11423',0.000445330070644963
'11424',0.000445330070644963
'11003',0.000445330070644963
'13351',0.000445330070644963
'13352',0.000445330070644963
'11006',0.000445330070644963
'11004',0.000445330070644963
'58113',0.000445330070644963
'14809',0.000445330070644963
'18182',0.000445330070644963
'16308',0.000445330070644963
'17255',0.000445330070644963
'13108',0.000445330070644963
'84369',0.000445330070644963
'13107',0.000445330070644963
'12610',0.000445330070644963
'12423',0.000445330070644963
'12424',0.000445330070644963
'12444',0.000445330070644963
'04801',0.000445330070644963
'04802',0.000445330070644963
'19048',0.000445330070644963
'19046',0.000445330070644963
'16183',0.000445330070644963
'16186',0.000445330070644963
'12189',0.000445330070644963
'12748',0.000445330070644963
'12747',0.000445330070644963
'19222',0.000445330070644963
'19221',0.000445330070644963
'13345',0.000445330070644963
'16853',0.000445330070644963
'24042',0.000445330070644963
'12487',0.000445330070644963
'57516',0.000445330070644963
'14712',0.000445330070644963
'13162',0.000445330070644963
'13160',0.000445330070644963
'13161',0.000445330070644963
'58702',0.000445330070644963
'58701',0.000445330070644963
'13017',0.000445330070644963
'13012',0.000445330070644963
'13011',0.000445330070644963
'01151',0.000445330070644963
'13018',0.000445330070644963
'59389',0.000445330070644963
'04736',0.000445330070644963
'59272',0.000445330070644963
'59077',0.000445330070644963
'59078',0.000445330070644963
'19451',0.000445330070644963
'19452',0.000445330070644963
'12198',0.000445330070644963
'12190',0.000445330070644963
'12197',0.000445330070644963
'57620',0.000445330070644963
'12371',0.000445330070644963
'12176',0.000445330070644963
'12175',0.000445330070644963
'12178',0.000445330070644963
'14504',0.000445330070644963
'13159',0.000445330070644963
'18241',0.000445330070644963
'13027',0.000445330070644963
'13028',0.000445330070644963
'29020',0.000445330070644963
'03401',0.000445330070644963
'18112',0.000445330070644963
'18111',0.000445330070644963
'22107',0.000445330070644963
'58871',0.000445330070644963
'18478',0.000445330070644963
'19609',0.000445330070644963
'16128',0.000445330070644963
'13145',0.000445330070644963
'13146',0.000445330070644963
'14606',0.000445330070644963
'22351',0.000445330070644963
'12960',0.000445330070644963
'12177',0.000445330070644963
'29019',0.000445330070644963
'22108',0.000445330070644963
'13109',0.000445330070644963
'12606',0.000445330070644963
'22214',0.000445330070644963
'22213',0.000445330070644963
'16605',0.000445330070644963
'16606',0.000445330070644963
'17026',0.000445330070644963
'17025',0.000445330070644963
'17024',0.000445330070644963
'57515',0.000445330070644963
'22869',0.000445330070644963
'18604',0.000445330070644963
'53520',0.000445330070644963
'04735',0.000445330070644963
'15658',0.000445330070644963
'15657',0.000445330070644963
'15280',0.00035626405651597
'15049',0.00035626405651597
'15050',0.00035626405651597
'15052',0.00035626405651597
'12726',0.00035626405651597
'12725',0.00035626405651597
'12722',0.00035626405651597
'15118',0.00035626405651597
'15117',0.00035626405651597
'16130',0.00035626405651597
'58221',0.00035626405651597
'58222',0.00035626405651597
'19328',0.00035626405651597
'12312',0.00035626405651597
'12861',0.00035626405651597
'19261',0.00035626405651597
'51422',0.00035626405651597
'19270',0.00035626405651597
'18204',0.00035626405651597
'18203',0.00035626405651597
'18302',0.00035626405651597
'18301',0.00035626405651597
'14010',0.00035626405651597
'59390',0.00035626405651597
'14009',0.00035626405651597
'23142',0.00035626405651597
'13512',0.00035626405651597
'52453',0.00035626405651597
'12376',0.00035626405651597
'17487',0.00035626405651597
'17482',0.00035626405651597
'51402',0.00035626405651597
'51401',0.00035626405651597
'52455',0.00035626405651597
'52456',0.00035626405651597
'15228',0.00035626405651597
'15652',0.00035626405651597
'17688',0.00035626405651597
'12961',0.00035626405651597
'12962',0.00035626405651597
'22457',0.00035626405651597
'22458',0.00035626405651597
'12557',0.00035626405651597
'15651',0.00035626405651597
'15279',0.00035626405651597
'17687',0.00035626405651597
'19402',0.000296886713769246
'19401',0.000296886713769246
'19716',0.000296886713769246
'19715',0.000296886713769246
'12709',0.000296886713769246
'17651',0.000296886713769246
'17652',0.000296886713769246
'22484',0.000296886713769246
'22483',0.000296886713769246
'19576',0.000296886713769246
'19575',0.000296886713769246
'11266',0.000296886713769246
'58219',0.000296886713769246
'18632',0.000296886713769246
'18631',0.000296886713769246
'15910',0.000296886713769246
'16573',0.000296886713769246
'19415',0.000296886713769246
'19416',0.000296886713769246
'12710',0.000296886713769246
'16175',0.000296886713769246
'15031',0.000296886713769246
'13288',0.000296886713769246
'12138',0.000296886713769246
'12137',0.000296886713769246
'19666',0.000296886713769246
'15708',0.000296886713769246
'15707',0.000296886713769246
'13064',0.000296886713769246
'13063',0.000296886713769246
'18625',0.000296886713769246
'12798',0.000296886713769246
'12982',0.000296886713769246
'51033',0.000296886713769246
'16230',0.000296886713769246
'12619',0.000296886713769246
'12216',0.000296886713769246
'12215',0.000296886713769246
'14646',0.000296886713769246
'58230',0.000296886713769246
'13071',0.000296886713769246
'13072',0.000296886713769246
'12853',0.000296886713769246
'12855',0.000296886713769246
'15028',0.000296886713769246
'15027',0.000296886713769246
'19614',0.000296886713769246
'19613',0.000296886713769246
'12731',0.000296886713769246
'12732',0.000296886713769246
'16229',0.000296886713769246
'16354',0.000296886713769246
'16353',0.000296886713769246
'12854',0.000296886713769246
'52588',0.000296886713769246
'52587',0.000296886713769246
'12856',0.000296886713769246
'58229',0.000296886713769246
'15929',0.000296886713769246
'15104',0.000296886713769246
'15103',0.000296886713769246
'12591',0.000296886713769246
'15032',0.000296886713769246
'15033',0.000296886713769246
'15034',0.000296886713769246
'19115',0.000296886713769246
'51027',0.000296886713769246
'51029',0.000296886713769246
'12448',0.000296886713769246
'19029',0.000296886713769246
'19028',0.000296886713769246
'19027',0.000296886713769246
'17610',0.000296886713769246
'12693',0.000296886713769246
'52574',0.000296886713769246
'52575',0.000296886713769246
'52570',0.000296886713769246
'52571',0.000296886713769246
'52549',0.000296886713769246
'52548',0.000296886713769246
'12906',0.000296886713769246
'12905',0.000296886713769246
'18183',0.000296886713769246
'11125',0.000296886713769246
'11014',0.000296886713769246
'22637',0.000296886713769246
'22638',0.000296886713769246
'19108',0.000296886713769246
'19038',0.000296886713769246
'19032',0.000296886713769246
'19030',0.000296886713769246
'16201',0.000296886713769246
'16202',0.000296886713769246
'19252',0.000296886713769246
'16205',0.000296886713769246
'16206',0.000296886713769246
'19251',0.000296886713769246
'11465',0.000296886713769246
'11464',0.000296886713769246
'11466',0.000296886713769246
'11463',0.000296886713769246
'52547',0.000296886713769246
'52546',0.000296886713769246
'52545',0.000296886713769246
'52544',0.000296886713769246
'15630',0.000296886713769246
'15942',0.000296886713769246
'15941',0.000296886713769246
'22606',0.000296886713769246
'22605',0.000296886713769246
'19132',0.000296886713769246
'19131',0.000296886713769246
'19263',0.000296886713769246
'19264',0.000296886713769246
'19269',0.000296886713769246
'12678',0.000296886713769246
'12677',0.000296886713769246
'16612',0.000296886713769246
'17416',0.000296886713769246
'17415',0.000296886713769246
'14044',0.000296886713769246
'14043',0.000296886713769246
'14007',0.000296886713769246
'11078',0.000296886713769246
'11077',0.000296886713769246
'14258',0.000296886713769246
'19017',0.000296886713769246
'19018',0.000296886713769246
'11265',0.000296886713769246
'12666',0.000296886713769246
'12664',0.000296886713769246
'16176',0.000296886713769246
'17225',0.000296886713769246
'17226',0.000296886713769246
'12797',0.000296886713769246
'19665',0.000296886713769246
'12886',0.000296886713769246
'12885',0.000296886713769246
'16574',0.000296886713769246
'11302',0.000296886713769246
'11303',0.000296886713769246
'51753',0.000296886713769246
'51754',0.000296886713769246
'17239',0.000296886713769246
'17236',0.000296886713769246
'17235',0.000296886713769246
'11451',0.000296886713769246
'11452',0.000296886713769246
'14156',0.000296886713769246
'14155',0.000296886713769246
'12647',0.000296886713769246
'18107',0.000296886713769246
'17204',0.000296886713769246
'14017',0.000296886713769246
'13104',0.000296886713769246
'18005',0.000296886713769246
'18006',0.000296886713769246
'13103',0.000296886713769246
'16524',0.000296886713769246
'16182',0.000296886713769246
'16181',0.000296886713769246
'16188',0.000296886713769246
'22941',0.000296886713769246
'22942',0.000296886713769246
'12364',0.000296886713769246
'12363',0.000296886713769246
'02779',0.000296886713769246
'13163',0.000296886713769246
'13164',0.000296886713769246
'12981',0.000296886713769246
'18105',0.000296886713769246
'18108',0.000296886713769246
'19107',0.000296886713769246
'16531',0.000296886713769246
'16536',0.000296886713769246
'16535',0.000296886713769246
'12620',0.000296886713769246
'12282',0.000296886713769246
'10111',0.000296886713769246
'13026',0.000296886713769246
'13025',0.000296886713769246
'07719',0.000296886713769246
'22443',0.000296886713769246
'22444',0.000296886713769246
'22447',0.000296886713769246
'16618',0.000296886713769246
'16611',0.000296886713769246
'16617',0.000296886713769246
'19116',0.000296886713769246
'12769',0.000296886713769246
'07720',0.000296886713769246
'24228',0.000296886713769246
'24227',0.000296886713769246
'14708',0.000296886713769246
'12971',0.000296886713769246
'17016',0.000296886713769246
'17015',0.000296886713769246
'12549',0.000296886713769246
'16515',0.000296886713769246
'16516',0.000296886713769246
'11076',0.000296886713769246
'12770',0.000296886713769246
'11075',0.000296886713769246
'10112',0.000296886713769246
'17203',0.000296886713769246
'15902',0.000296886713769246
'17240',0.000296886713769246
'15629',0.000296886713769246
'14707',0.000296886713769246
'12972',0.000296886713769246
'12550',0.000296886713769246
'10002',0.000254474326087925
'22648',0.000254474326087925
'22647',0.000254474326087925
'12927',0.000254474326087925
'19034',0.000254474326087925
'22388',0.000254474326087925
'22387',0.000254474326087925
'12733',0.000254474326087925
'12734',0.000254474326087925
'19330',0.000254474326087925
'12694',0.000254474326087925
'22639',0.000254474326087925
'19329',0.000254474326087925
'22104',0.000254474326087925
'19033',0.000254474326087925
'15011',0.000254474326087925
'15012',0.000254474326087925
'11060',0.000254474326087925
'12466',0.000254474326087925
'16569',0.000254474326087925
'14042',0.000254474326087925
'14227',0.000254474326087925
'16570',0.000254474326087925
'12805',0.000254474326087925
'14037',0.000254474326087925
'14038',0.000254474326087925
'12339',0.000254474326087925
'12340',0.000254474326087925
'11054',0.000254474326087925
'11055',0.000254474326087925
'11056',0.000254474326087925
'11059',0.000254474326087925
'10001',0.000254474326087925
'13346',0.000254474326087925
'11053',0.000254474326087925
'12989',0.000254474326087925
'14228',0.000254474326087925
'12990',0.000254474326087925
'07713',0.000254474326087925
'12140',0.000254474326087925
'12602',0.000254474326087925
'12398',0.000254474326087925
'12397',0.000254474326087925
'12806',0.000254474326087925
'14257',0.000254474326087925
'59025',0.000254474326087925
'59026',0.000254474326087925
'12801',0.000254474326087925
'17031',0.000222665035322481
'17032',0.000222665035322481
'11088',0.000222665035322481
'22875',0.000222665035322481
'22876',0.000222665035322481
'12235',0.000222665035322481
'12236',0.000222665035322481
'13185',0.000222665035322481
'12491',0.000222665035322481
'12490',0.000222665035322481
'22161',0.000222665035322481
'12064',0.000222665035322481
'28182',0.000222665035322481
'19413',0.000222665035322481
'19414',0.000222665035322481
'16179',0.000222665035322481
'13282',0.000222665035322481
'13281',0.000222665035322481
'72452',0.000222665035322481
'72451',0.000222665035322481
'12489',0.000222665035322481
'12925',0.000222665035322481
'17319',0.000222665035322481
'14502',0.000222665035322481
'19608',0.000222665035322481
'19607',0.000222665035322481
'16345',0.000222665035322481
'16346',0.000222665035322481
'13186',0.000222665035322481
'07239',0.000222665035322481
'12115',0.000222665035322481
'13240',0.000222665035322481
'14210',0.000222665035322481
'13114',0.000222665035322481
'14526',0.000222665035322481
'19802',0.000222665035322481
'19801',0.000222665035322481
'18418',0.000222665035322481
'18417',0.000222665035322481
'15622',0.000222665035322481
'15621',0.000222665035322481
'14209',0.000222665035322481
'11015',0.000222665035322481
'11016',0.000222665035322481
'16687',0.000222665035322481
'12182',0.000222665035322481
'12311',0.000222665035322481
'22604',0.000222665035322481
'22603',0.000222665035322481
'12964',0.000222665035322481
'16787',0.000222665035322481
'13236',0.000222665035322481
'18211',0.000222665035322481
'18212',0.000222665035322481
'14310',0.000222665035322481
'11071',0.000222665035322481
'01420',0.000222665035322481
'22162',0.000222665035322481
'12063',0.000222665035322481
'12884',0.000222665035322481
'12883',0.000222665035322481
'17057',0.000222665035322481
'17058',0.000222665035322481
'12348',0.000222665035322481
'12347',0.000222665035322481
'13113',0.000222665035322481
'14803',0.000222665035322481
'14804',0.000222665035322481
'11051',0.000222665035322481
'11052',0.000222665035322481
'11203',0.000222665035322481
'11204',0.000222665035322481
'14525',0.000222665035322481
'14015',0.000222665035322481
'15662',0.000222665035322481
'16525',0.000222665035322481
'16527',0.000222665035322481
'16528',0.000222665035322481
'16180',0.000222665035322481
'12181',0.000222665035322481
'17320',0.000222665035322481
'17214',0.000222665035322481
'17213',0.000222665035322481
'02511',0.000222665035322481
'12195',0.000222665035322481
'12196',0.000222665035322481
'13238',0.000222665035322481
'01419',0.000222665035322481
'03236',0.000222665035322481
'17005',0.000222665035322481
'17006',0.000222665035322481
'12372',0.000222665035322481
'12373',0.000222665035322481
'12374',0.000222665035322481
'13483',0.000222665035322481
'13484',0.000222665035322481
'14501',0.000222665035322481
'13154',0.000222665035322481
'17488',0.000222665035322481
'18240',0.000222665035322481
'11087',0.000222665035322481
'16054',0.000222665035322481
'16057',0.000222665035322481
'16053',0.000222665035322481
'16616',0.000222665035322481
'16615',0.000222665035322481
'12768',0.000222665035322481
'12767',0.000222665035322481
'12978',0.000222665035322481
'12977',0.000222665035322481
'11701',0.000222665035322481
'11702',0.000222665035322481
'18477',0.000222665035322481
'12963',0.000222665035322481
'16058',0.000222665035322481
'16604',0.000222665035322481
'16603',0.000222665035322481
'17481',0.000222665035322481
'22916',0.000222665035322481
'22915',0.000222665035322481
'16864',0.000222665035322481
'15722',0.000222665035322481
'15721',0.000222665035322481
'13043',0.000222665035322481
'13044',0.000222665035322481
'18047',0.000222665035322481
'18048',0.000222665035322481
'16863',0.000222665035322481
'12558',0.000222665035322481
'02512',0.000222665035322481
'22901',0.000197924475840226
'22902',0.000197924475840226
'12833',0.000197924475840226
'12834',0.000197924475840226
'15054',0.000197924475840226
'15053',0.000197924475840226
'19601',0.000197924475840226
'12921',0.000197924475840226
'12922',0.000197924475840226
'06542',0.000197924475840226
'06541',0.000197924475840226
'17603',0.000197924475840226
'12116',0.000197924475840226
'16216',0.000197924475840226
'16215',0.000197924475840226
'12692',0.000197924475840226
'12691',0.000197924475840226
'12680',0.000197924475840226
'01402',0.000197924475840226
'01401',0.000197924475840226
'12465',0.000197924475840226
'12679',0.000197924475840226
'17412',0.000197924475840226
'17411',0.000197924475840226
'18215',0.000197924475840226
'18216',0.000197924475840226
'11072',0.000197924475840226
'12416',0.000197924475840226
'22181',0.000197924475840226
'22182',0.000197924475840226
'16317',0.000197924475840226
'11449',0.000197924475840226
'14035',0.000197924475840226
'14036',0.000197924475840226
'16557',0.000197924475840226
'16558',0.000197924475840226
'12186',0.000197924475840226
'12185',0.000197924475840226
'17211',0.000197924475840226
'17212',0.000197924475840226
'28242',0.000197924475840226
'12995',0.000197924475840226
'12996',0.000197924475840226
'22927',0.000197924475840226
'22928',0.000197924475840226
'19602',0.000197924475840226
'19011',0.000197924475840226
'12608',0.000197924475840226
'12607',0.000197924475840226
'12976',0.000197924475840226
'12415',0.000197924475840226
'16382',0.000178132028257985
'22909',0.000178132028257985
'15712',0.000178132028257985
'15711',0.000178132028257985
'12066',0.000178132028257985
'12717',0.000178132028257985
'12718',0.000178132028257985
'16714',0.000178132028257985
'16713',0.000178132028257985
'19567',0.000178132028257985
'19568',0.000178132028257985
'13287',0.000178132028257985
'22805',0.000178132028257985
'22806',0.000178132028257985
'16381',0.000178132028257985
'11110',0.000178132028257985
'03235',0.000178132028257985
'16505',0.000178132028257985
'14866',0.000178132028257985
'14864',0.000178132028257985
'14865',0.000178132028257985
'14863',0.000178132028257985
'11109',0.000178132028257985
'11106',0.000178132028257985
'11105',0.000178132028257985
'13147',0.000178132028257985
'15021',0.000178132028257985
'12450',0.000178132028257985
'16734',0.000178132028257985
'16733',0.000178132028257985
'17604',0.000178132028257985
'14512',0.000178132028257985
'12208',0.000178132028257985
'12207',0.000178132028257985
'15022',0.000178132028257985
'14854',0.000178132028257985
'14215',0.000178132028257985
'14216',0.000178132028257985
'13117',0.000178132028257985
'11009',0.000178132028257985
'15036',0.000178132028257985
'15035',0.000178132028257985
'22621',0.000178132028257985
'22622',0.000178132028257985
'12449',0.000178132028257985
'17615',0.000178132028257985
'17616',0.000178132028257985
'15665',0.000178132028257985
'18184',0.000178132028257985
'15002',0.000178132028257985
'15001',0.000178132028257985
'11010',0.000178132028257985
'11011',0.000178132028257985
'11012',0.000178132028257985
'22633',0.000178132028257985
'22636',0.000178132028257985
'22634',0.000178132028257985
'22635',0.000178132028257985
'16209',0.000178132028257985
'18406',0.000178132028257985
'18405',0.000178132028257985
'15631',0.000178132028257985
'15632',0.000178132028257985
'22602',0.000178132028257985
'22601',0.000178132028257985
'22512',0.000178132028257985
'22511',0.000178132028257985
'19262',0.000178132028257985
'12780',0.000178132028257985
'12785',0.000178132028257985
'16780',0.000178132028257985
'12326',0.000178132028257985
'12325',0.000178132028257985
'13235',0.000178132028257985
'14853',0.000178132028257985
'16779',0.000178132028257985
'12069',0.000178132028257985
'16579',0.000178132028257985
'15666',0.000178132028257985
'11046',0.000178132028257985
'11045',0.000178132028257985
'19201',0.000178132028257985
'19202',0.000178132028257985
'17232',0.000178132028257985
'17231',0.000178132028257985
'17307',0.000178132028257985
'17308',0.000178132028257985
'12070',0.000178132028257985
'13118',0.000178132028257985
'17209',0.000178132028257985
'16335',0.000178132028257985
'16336',0.000178132028257985
'17063',0.000178132028257985
'17064',0.000178132028257985
'17210',0.000178132028257985
'13168',0.000178132028257985
'13166',0.000178132028257985
'13167',0.000178132028257985
'13165',0.000178132028257985
'18104',0.000178132028257985
'18106',0.000178132028257985
'18103',0.000178132028257985
'12626',0.000178132028257985
'12625',0.000178132028257985
'16580',0.000178132028257985
'52451',0.000178132028257985
'52452',0.000178132028257985
'13156',0.000178132028257985
'22114',0.000178132028257985
'22113',0.000178132028257985
'16507',0.000178132028257985
'12765',0.000178132028257985
'14119',0.000178132028257985
'13148',0.000178132028257985
'19012',0.000178132028257985
'11097',0.000178132028257985
'11091',0.000178132028257985
'11092',0.000178132028257985
'11098',0.000178132028257985
'22452',0.000178132028257985
'22451',0.000178132028257985
'12779',0.000178132028257985
'16339',0.000178132028257985
'13155',0.000178132028257985
'17020',0.000178132028257985
'22910',0.000178132028257985
'18464',0.000178132028257985
'14120',0.000178132028257985
'15723',0.000178132028257985
'15724',0.000178132028257985
'15654',0.000178132028257985
'15653',0.000178132028257985
'17019',0.000178132028257985
'12807',0.000178132028257985
'12808',0.000178132028257985
'16340',0.000178132028257985
'11021',0.000161938207508879
'12109',0.000161938207508879
'12249',0.000161938207508879
'11032',0.000161938207508879
'12738',0.000161938207508879
'12737',0.000161938207508879
'13511',0.000161938207508879
'12110',0.000161938207508879
'12111',0.000161938207508879
'12112',0.000161938207508879
'12117',0.000161938207508879
'12118',0.000161938207508879
'11031',0.000161938207508879
'12938',0.000161938207508879
'14219',0.000161938207508879
'14522',0.000161938207508879
'14521',0.000161938207508879
'12447',0.000161938207508879
'17618',0.000161938207508879
'17617',0.000161938207508879
'12301',0.000161938207508879
'12146',0.000161938207508879
'12873',0.000161938207508879
'12042',0.000161938207508879
'12041',0.000161938207508879
'13137',0.000161938207508879
'13138',0.000161938207508879
'12482',0.000161938207508879
'12868',0.000161938207508879
'12532',0.000161938207508879
'12786',0.000161938207508879
'12323',0.000161938207508879
'13239',0.000161938207508879
'13237',0.000161938207508879
'14220',0.000161938207508879
'18214',0.000161938207508879
'18508',0.000161938207508879
'12414',0.000161938207508879
'17221',0.000161938207508879
'17222',0.000161938207508879
'12334',0.000161938207508879
'12333',0.000161938207508879
'18208',0.000161938207508879
'12462',0.000161938207508879
'12353',0.000161938207508879
'13005',0.000161938207508879
'13006',0.000161938207508879
'12631',0.000161938207508879
'12632',0.000161938207508879
'12635',0.000161938207508879
'12636',0.000161938207508879
'12481',0.000161938207508879
'12531',0.000161938207508879
'07704',0.000161938207508879
'07703',0.000161938207508879
'16533',0.000161938207508879
'16534',0.000161938207508879
'11406',0.000161938207508879
'11405',0.000161938207508879
'11403',0.000161938207508879
'11404',0.000161938207508879
'22931',0.000161938207508879
'22932',0.000161938207508879
'11022',0.000161938207508879
'12145',0.000161938207508879
'12705',0.000148443356875717
'12706',0.000148443356875717
'14625',0.000148443356875717
'14626',0.000148443356875717
'12719',0.000148443356875717
'17623',0.000148443356875717
'17624',0.000148443356875717
'12570',0.000148443356875717
'12720',0.000148443356875717
'11103',0.000148443356875717
'11104',0.000148443356875717
'11035',0.000148443356875717
'11036',0.000148443356875717
'22829',0.000148443356875717
'12204',0.000148443356875717
'12203',0.000148443356875717
'12843',0.000148443356875717
'12844',0.000148443356875717
'11008',0.000148443356875717
'22830',0.000148443356875717
'22836',0.000148443356875717
'18568',0.000148443356875717
'18567',0.000148443356875717
'12877',0.000148443356875717
'12878',0.000148443356875717
'11061',0.000148443356875717
'11062',0.000148443356875717
'11065',0.000148443356875717
'11066',0.000148443356875717
'18574',0.000148443356875717
'11472',0.000148443356875717
'12791',0.000148443356875717
'11471',0.000148443356875717
'18213',0.000148443356875717
'04923',0.000148443356875717
'04924',0.000148443356875717
'12792',0.000148443356875717
'11042',0.000148443356875717
'11041',0.000148443356875717
'29060',0.000148443356875717
'29059',0.000148443356875717
'16609',0.000148443356875717
'11201',0.000148443356875717
'11202',0.000148443356875717
'25036',0.000148443356875717
'19059',0.000148443356875717
'19045',0.000148443356875717
'17321',0.000148443356875717
'17322',0.000148443356875717
'22835',0.000148443356875717
'12569',0.000148443356875717
'12568',0.000148443356875717
'12561',0.000148443356875717
'12562',0.000148443356875717
'12567',0.000148443356875717
'19060',0.000148443356875717
'15051',0.000148443356875717
'16610',0.000148443356875717
'12970',0.000148443356875717
'12384',0.000148443356875717
'12383',0.000148443356875717
'12802',0.000148443356875717
'12968',0.000148443356875717
'06335',0.000137024637116046
'06336',0.000137024637116046
'15715',0.000137024637116046
'12942',0.000137024637116046
'22801',0.000137024637116046
'22802',0.000137024637116046
'12697',0.000137024637116046
'12698',0.000137024637116046
'12078',0.000137024637116046
'12077',0.000137024637116046
'12936',0.000137024637116046
'12935',0.000137024637116046
'16093',0.000137024637116046
'16094',0.000137024637116046
'07711',0.000137024637116046
'12763',0.000137024637116046
'12764',0.000137024637116046
'11704',0.000137024637116046
'11703',0.000137024637116046
'12817',0.000137024637116046
'12818',0.000137024637116046
'19710',0.000127237163043963
'12701',0.000127237163043963
'12702',0.000127237163043963
'19573',0.000127237163043963
'22874',0.000127237163043963
'22877',0.000127237163043963
'22873',0.000127237163043963
'22878',0.000127237163043963
'12941',0.000127237163043963
'07324',0.000127237163043963
'07323',0.000127237163043963
'19709',0.000127237163043963
'18449',0.000127237163043963
'19574',0.000127237163043963
'14260',0.000127237163043963
'06948',0.000127237163043963
'14324',0.000127237163043963
'16210',0.000127237163043963
'12690',0.000127237163043963
'19259',0.000127237163043963
'12047',0.000127237163043963
'12048',0.000127237163043963
'12685',0.000127237163043963
'12686',0.000127237163043963
'12689',0.000127237163043963
'12865',0.000127237163043963
'12866',0.000127237163043963
'19260',0.000127237163043963
'13417',0.000127237163043963
'18501',0.000127237163043963
'18502',0.000127237163043963
'16572',0.000127237163043963
'16571',0.000127237163043963
'19659',0.000127237163043963
'17229',0.000127237163043963
'16312',0.000127237163043963
'17311',0.000127237163043963
'17310',0.000127237163043963
'17312',0.000127237163043963
'22889',0.000127237163043963
'19203',0.000127237163043963
'19204',0.000127237163043963
'19660',0.000127237163043963
'17230',0.000127237163043963
'17309',0.000127237163043963
'14323',0.000127237163043963
'22890',0.000127237163043963
'18010',0.000127237163043963
'17207',0.000127237163043963
'17206',0.000127237163043963
'17205',0.000127237163043963
'14014',0.000127237163043963
'14013',0.000127237163043963
'12352',0.000127237163043963
'12351',0.000127237163043963
'13418',0.000127237163043963
'18009',0.000127237163043963
'12164',0.000127237163043963
'12163',0.000127237163043963
'18496',0.000127237163043963
'18495',0.000127237163043963
'14259',0.000127237163043963
'12623',0.000127237163043963
'17001',0.000127237163043963
'17002',0.000127237163043963
'07710',0.000127237163043963
'07712',0.000127237163043963
'12618',0.000127237163043963
'12617',0.000127237163043963
'17013',0.000127237163043963
'17014',0.000127237163043963
'16311',0.000127237163043963
'12601',0.000127237163043963
'12603',0.000127237163043963
'12604',0.000127237163043963
'17208',0.000127237163043963
'18463',0.000127237163043963
'12555',0.000127237163043963
'17037',0.000118754685511261
'17038',0.000118754685511261
'22908',0.000118754685511261
'22907',0.000118754685511261
'12231',0.000118754685511261
'12232',0.000118754685511261
'14714',0.000118754685511261
'19565',0.000118754685511261
'13420',0.000118754685511261
'12955',0.000118754685511261
'12956',0.000118754685511261
'12486',0.000118754685511261
'22646',0.000118754685511261
'16125',0.000118754685511261
'16126',0.000118754685511261
'22629',0.000118754685511261
'12055',0.000118754685511261
'12056',0.000118754685511261
'22630',0.000118754685511261
'22996',0.000118754685511261
'11069',0.000118754685511261
'11067',0.000118754685511261
'15643',0.000118754685511261
'11070',0.000118754685511261
'12669',0.000118754685511261
'12880',0.000118754685511261
'12656',0.000118754685511261
'12655',0.000118754685511261
'11450',0.000118754685511261
'16337',0.000118754685511261
'16338',0.000118754685511261
'13419',0.000118754685511261
'12427',0.000118754685511261
'12428',0.000118754685511261
'12741',0.000118754685511261
'12742',0.000118754685511261
'12161',0.000118754685511261
'12162',0.000118754685511261
'12485',0.000118754685511261
'14713',0.000118754685511261
'11089',0.000118754685511261
'16508',0.000118754685511261
'18473',0.000118754685511261
'11090',0.000118754685511261
'15644',0.000118754685511261
'22918',0.000118754685511261
'22917',0.000118754685511261
'22866',0.000118754685511261
'22865',0.000118754685511261
'22904',0.000111332517661241
'17621',0.000111332517661241
'17622',0.000111332517661241
'12226',0.000111332517661241
'12225',0.000111332517661241
'15906',0.000111332517661241
'15905',0.000111332517661241
'12728',0.000111332517661241
'12727',0.000111332517661241
'12039',0.000111332517661241
'22903',0.000111332517661241
'12106',0.000111332517661241
'12105',0.000111332517661241
'12210',0.000111332517661241
'11102',0.000111332517661241
'11101',0.000111332517661241
'17606',0.000111332517661241
'17605',0.000111332517661241
'13510',0.000111332517661241
'12209',0.000111332517661241
'18422',0.000111332517661241
'12848',0.000111332517661241
'13509',0.000111332517661241
'18408',0.000111332517661241
'12919',0.000111332517661241
'13135',0.000111332517661241
'13136',0.000111332517661241
'15016',0.000111332517661241
'19312',0.000111332517661241
'19311',0.000111332517661241
'12781',0.000111332517661241
'12782',0.000111332517661241
'12526',0.000111332517661241
'12419',0.000111332517661241
'12525',0.000111332517661241
'13424',0.000111332517661241
'13423',0.000111332517661241
'18407',0.000111332517661241
'18420',0.000111332517661241
'18421',0.000111332517661241
'12040',0.000111332517661241
'12847',0.000111332517661241
'12420',0.000111332517661241
'12180',0.000111332517661241
'12366',0.000111332517661241
'12365',0.000111332517661241
'12984',0.000111332517661241
'12983',0.000111332517661241
'12179',0.000111332517661241
'09722',0.000111332517661241
'09721',0.000111332517661241
'12810',0.000111332517661241
'18419',0.000111332517661241
'18606',0.000111332517661241
'18605',0.000111332517661241
'12975',0.000111332517661241
'12809',0.000111332517661241
'22478',0.000104783546030965
'22477',0.000104783546030965
'12136',0.000104783546030965
'12135',0.000104783546030965
'22643',0.000104783546030965
'22644',0.000104783546030965
'12510',0.000104783546030965
'12904',0.000104783546030965
'12903',0.000104783546030965
'12875',0.000104783546030965
'15635',0.000104783546030965
'15636',0.000104783546030965
'12079',0.000104783546030965
'12322',0.000104783546030965
'12321',0.000104783546030965
'12506',0.000104783546030965
'12505',0.000104783546030965
'12080',0.000104783546030965
'12509',0.000104783546030965
'12381',0.000104783546030965
'12382',0.000104783546030965
'11094',0.000104783546030965
'11093',0.000104783546030965
'13053',0.0000989622379290199
'13054',0.0000989622379290199
'14710',0.0000989622379290199
'12839',0.0000989622379290199
'12211',0.0000989622379290199
'12133',0.0000989622379290199
'12134',0.0000989622379290199
'12958',0.0000989622379290199
'18627',0.0000989622379290199
'18628',0.0000989622379290199
'12825',0.0000989622379290199
'12826',0.0000989622379290199
'12820',0.0000989622379290199
'22642',0.0000989622379290199
'15026',0.0000989622379290199
'15025',0.0000989622379290199
'22654',0.0000989622379290199
'22655',0.0000989622379290199
'22656',0.0000989622379290199
'22653',0.0000989622379290199
'08246',0.0000989622379290199
'08245',0.0000989622379290199
'12840',0.0000989622379290199
'22883',0.0000989622379290199
'19021',0.0000989622379290199
'19022',0.0000989622379290199
'22831',0.0000989622379290199
'22832',0.0000989622379290199
'12307',0.0000989622379290199
'11126',0.0000989622379290199
'19326',0.0000989622379290199
'12315',0.0000989622379290199
'12074',0.0000989622379290199
'16305',0.0000989622379290199
'16306',0.0000989622379290199
'12783',0.0000989622379290199
'12784',0.0000989622379290199
'16857',0.0000989622379290199
'12898',0.0000989622379290199
'12897',0.0000989622379290199
'19307',0.0000989622379290199
'19308',0.0000989622379290199
'13332',0.0000989622379290199
'13331',0.0000989622379290199
'12212',0.0000989622379290199
'18207',0.0000989622379290199
'22884',0.0000989622379290199
'22150',0.0000989622379290199
'22404',0.0000989622379290199
'22403',0.0000989622379290199
'12349',0.0000989622379290199
'18520',0.0000989622379290199
'12432',0.0000989622379290199
'12431',0.0000989622379290199
'11205',0.0000989622379290199
'11207',0.0000989622379290199
'11206',0.0000989622379290199
'11208',0.0000989622379290199
'12073',0.0000989622379290199
'12640',0.0000989622379290199
'12641',0.0000989622379290199
'12642',0.0000989622379290199
'12354',0.0000989622379290199
'12633',0.0000989622379290199
'12634',0.0000989622379290199
'12639',0.0000989622379290199
'12292',0.0000989622379290199
'12291',0.0000989622379290199
'16858',0.0000989622379290199
'12480',0.0000989622379290199
'16217',0.0000989622379290199
'22308',0.0000989622379290199
'16587',0.0000989622379290199
'12516',0.0000989622379290199
'16588',0.0000989622379290199
'22937',0.0000989622379290199
'22938',0.0000989622379290199
'18519',0.0000989622379290199
'22116',0.0000989622379290199
'18474',0.0000989622379290199
'22855',0.0000989622379290199
'12479',0.0000989622379290199
'22149',0.0000989622379290199
'12819',0.0000989622379290199
'22115',0.0000989622379290199
'16218',0.0000989622379290199
'14709',0.0000989622379290199
'22462',0.0000937536990878378
'22461',0.0000937536990878378
'22679',0.0000937536990878378
'04401',0.0000937536990878378
'22818',0.0000937536990878378
'12920',0.0000937536990878378
'04402',0.0000937536990878378
'16003',0.0000937536990878378
'16004',0.0000937536990878378
'04413',0.0000937536990878378
'19803',0.0000937536990878378
'19804',0.0000937536990878378
'14208',0.0000937536990878378
'14206',0.0000937536990878378
'14207',0.0000937536990878378
'14205',0.0000937536990878378
'04941',0.0000937536990878378
'04942',0.0000937536990878378
'12473',0.0000937536990878378
'12317',0.0000937536990878378
'12316',0.0000937536990878378
'12313',0.0000937536990878378
'12916',0.0000937536990878378
'12915',0.0000937536990878378
'12259',0.0000937536990878378
'12329',0.0000937536990878378
'12413',0.0000937536990878378
'17317',0.0000937536990878378
'17318',0.0000937536990878378
'04414',0.0000937536990878378
'12433',0.0000937536990878378
'12356',0.0000937536990878378
'12355',0.0000937536990878378
'19052',0.0000937536990878378
'12169',0.0000937536990878378
'12987',0.0000937536990878378
'19051',0.0000937536990878378
'12375',0.0000937536990878378
'12377',0.0000937536990878378
'12378',0.0000937536990878378
'12379',0.0000937536990878378
'12170',0.0000937536990878378
'22844',0.0000937536990878378
'22680',0.0000937536990878378
'15646',0.0000937536990878378
'12775',0.0000937536990878378
'12776',0.0000937536990878378
'22843',0.0000937536990878378
'15046',0.0000890660141289926
'12713',0.0000890660141289926
'12714',0.0000890660141289926
'13426',0.0000890660141289926
'16316',0.0000890660141289926
'22641',0.0000890660141289926
'22645',0.0000890660141289926
'16506',0.0000890660141289926
'12688',0.0000890660141289926
'22825',0.0000890660141289926
'12511',0.0000890660141289926
'17613',0.0000890660141289926
'17614',0.0000890660141289926
'12512',0.0000890660141289926
'12687',0.0000890660141289926
'15639',0.0000890660141289926
'12409',0.0000890660141289926
'15045',0.0000890660141289926
'22609',0.0000890660141289926
'12253',0.0000890660141289926
'22826',0.0000890660141289926
'22610',0.0000890660141289926
'12410',0.0000890660141289926
'13425',0.0000890660141289926
'16315',0.0000890660141289926
'12338',0.0000890660141289926
'12337',0.0000890660141289926
'12539',0.0000890660141289926
'12319',0.0000890660141289926
'16331',0.0000890660141289926
'06064',0.0000890660141289926
'12367',0.0000890660141289926
'12368',0.0000890660141289926
'12759',0.0000890660141289926
'12320',0.0000890660141289926
'12993',0.0000890660141289926
'12994',0.0000890660141289926
'22688',0.0000890660141289926
'22103',0.0000890660141289926
'12760',0.0000890660141289926
'22859',0.0000890660141289926
'16332',0.0000890660141289926
'22860',0.0000890660141289926
'12536',0.0000848247753626418
'12535',0.0000848247753626418
'12257',0.0000848247753626418
'12258',0.0000848247753626418
'01154',0.0000848247753626418
'01153',0.0000848247753626418
'16537',0.0000848247753626418
'12281',0.0000848247753626418
'12648',0.0000848247753626418
'22912',0.0000848247753626418
'22911',0.0000848247753626418
'19404',0.0000809691037455327
'19403',0.0000809691037455327
'12123',0.0000809691037455327
'12125',0.0000809691037455327
'12127',0.0000809691037455327
'12132',0.0000809691037455327
'12131',0.0000809691037455327
'12736',0.0000809691037455327
'14523',0.0000809691037455327
'14524',0.0000809691037455327
'22623',0.0000809691037455327
'22624',0.0000809691037455327
'12052',0.0000809691037455327
'12696',0.0000809691037455327
'12695',0.0000809691037455327
'18503',0.0000809691037455327
'18504',0.0000809691037455327
'17305',0.0000809691037455327
'22893',0.0000809691037455327
'22894',0.0000809691037455327
'12051',0.0000809691037455327
'22105',0.0000809691037455327
'17018',0.0000809691037455327
'17017',0.0000809691037455327
'12143',0.0000809691037455327
'12144',0.0000809691037455327
'11095',0.0000809691037455327
'22456',0.0000809691037455327
'22455',0.0000809691037455327
'12126',0.0000774487079390289
'22475',0.0000774487079390289
'22476',0.0000774487079390289
'22803',0.0000774487079390289
'22804',0.0000774487079390289
'12223',0.0000774487079390289
'12924',0.0000774487079390289
'12037',0.0000774487079390289
'12928',0.0000774487079390289
'12913',0.0000774487079390289
'12914',0.0000774487079390289
'12863',0.0000774487079390289
'12864',0.0000774487079390289
'22188',0.0000774487079390289
'22187',0.0000774487079390289
'12062',0.0000774487079390289
'12061',0.0000774487079390289
'12406',0.0000774487079390289
'12405',0.0000774487079390289
'12923',0.0000774487079390289
'12902',0.0000774487079390289
'12191',0.0000774487079390289
'12192',0.0000774487079390289
'12038',0.0000774487079390289
'12901',0.0000774487079390289
'19408',0.0000742216784467649
'19407',0.0000742216784467649
'22473',0.0000742216784467649
'22474',0.0000742216784467649
'19411',0.0000742216784467649
'19412',0.0000742216784467649
'12712',0.0000742216784467649
'12711',0.0000742216784467649
'11020',0.0000742216784467649
'10215',0.0000742216784467649
'10216',0.0000742216784467649
'11034',0.0000742216784467649
'11033',0.0000742216784467649
'25631',0.0000742216784467649
'08243',0.0000742216784467649
'08244',0.0000742216784467649
'12515',0.0000742216784467649
'12059',0.0000742216784467649
'11019',0.0000742216784467649
'19314',0.0000742216784467649
'19313',0.0000742216784467649
'13416',0.0000742216784467649
'13415',0.0000742216784467649
'18609',0.0000742216784467649
'12060',0.0000742216784467649
'12331',0.0000742216784467649
'12332',0.0000742216784467649
'22405',0.0000742216784467649
'22406',0.0000742216784467649
'12657',0.0000742216784467649
'12508',0.0000742216784467649
'12290',0.0000742216784467649
'12296',0.0000742216784467649
'22309',0.0000742216784467649
'16532',0.0000742216784467649
'12627',0.0000742216784467649
'12628',0.0000742216784467649
'12194',0.0000742216784467649
'12193',0.0000742216784467649
'12289',0.0000742216784467649
'09808',0.0000742216784467649
'09807',0.0000742216784467649
'12577',0.0000742216784467649
'22117',0.0000742216784467649
'22118',0.0000742216784467649
'22684',0.0000742216784467649
'22683',0.0000742216784467649
'12507',0.0000742216784467649
'18610',0.0000742216784467649
'12969',0.0000742216784467649
'15648',0.0000742216784467649
'22101',0.0000742216784467649
'22102',0.0000742216784467649
'22691',0.0000742216784467649
'22692',0.0000742216784467649
'12308',0.0000742216784467649
'22310',0.0000742216784467649
'12967',0.0000742216784467649
'12940',0.0000712528113031941
'12836',0.0000712528113031941
'12835',0.0000712528113031941
'19419',0.0000712528113031941
'12589',0.0000712528113031941
'06544',0.0000712528113031941
'06543',0.0000712528113031941
'12024',0.0000712528113031941
'16359',0.0000712528113031941
'12939',0.0000712528113031941
'12590',0.0000712528113031941
'12592',0.0000712528113031941
'22625',0.0000712528113031941
'22626',0.0000712528113031941
'16360',0.0000712528113031941
'22131',0.0000712528113031941
'22632',0.0000712528113031941
'22631',0.0000712528113031941
'12890',0.0000712528113031941
'12521',0.0000712528113031941
'12522',0.0000712528113031941
'12541',0.0000712528113031941
'19065',0.0000712528113031941
'19066',0.0000712528113031941
'12341',0.0000712528113031941
'12342',0.0000712528113031941
'18309',0.0000712528113031941
'16565',0.0000712528113031941
'16566',0.0000712528113031941
'12582',0.0000712528113031941
'01149',0.0000712528113031941
'12581',0.0000712528113031941
'12518',0.0000712528113031941
'12517',0.0000712528113031941
'12560',0.0000712528113031941
'22132',0.0000712528113031941
'01150',0.0000712528113031941
'18310',0.0000712528113031941
'12023',0.0000712528113031941
'19421',0.0000712528113031941
'19420',0.0000712528113031941
'19422',0.0000712528113031941
'12559',0.0000712528113031941
'12396',0.0000712528113031941
'12542',0.0000712528113031941
'12703',0.000068512318558023
'15716',0.000068512318558023
'12704',0.000068512318558023
'17620',0.000068512318558023
'12954',0.000068512318558023
'12953',0.000068512318558023
'15904',0.000068512318558023
'15903',0.000068512318558023
'12926',0.000068512318558023
'22849',0.000068512318558023
'12729',0.000068512318558023
'12730',0.000068512318558023
'12335',0.000068512318558023
'12471',0.000068512318558023
'12683',0.000068512318558023
'12684',0.000068512318558023
'12336',0.000068512318558023
'22608',0.000068512318558023
'22607',0.000068512318558023
'12660',0.000068512318558023
'12659',0.000068512318558023
'19054',0.000068512318558023
'12421',0.000068512318558023
'12422',0.000068512318558023
'19049',0.000068512318558023
'19053',0.000068512318558023
'14003',0.000068512318558023
'14004',0.000068512318558023
'12980',0.000068512318558023
'17619',0.000068512318558023
'19454',0.000068512318558023
'19453',0.000068512318558023
'16613',0.000068512318558023
'16614',0.000068512318558023
'22926',0.000068512318558023
'22854',0.000068512318558023
'22853',0.000068512318558023
'22850',0.000068512318558023
'12774',0.000068512318558023
'12773',0.000068512318558023
'12979',0.000068512318558023
'12011',0.0000659748252860132
'12012',0.0000659748252860132
'22879',0.0000659748252860132
'12006',0.0000659748252860132
'12005',0.0000659748252860132
'12019',0.0000659748252860132
'12723',0.0000659748252860132
'12020',0.0000659748252860132
'19806',0.0000659748252860132
'19805',0.0000659748252860132
'14116',0.0000659748252860132
'22880',0.0000659748252860132
'11049',0.0000659748252860132
'22402',0.0000659748252860132
'12652',0.0000659748252860132
'12651',0.0000659748252860132
'11050',0.0000659748252860132
'06063',0.0000659748252860132
'12147',0.0000659748252860132
'12148',0.0000659748252860132
'14115',0.0000659748252860132
'21068',0.0000636185815130748
'12483',0.0000636185815130748
'12484',0.0000636185815130748
'12217',0.0000636185815130748
'12218',0.0000636185815130748
'08450',0.0000636185815130748
'16561',0.0000636185815130748
'16562',0.0000636185815130748
'22611',0.0000636185815130748
'22612',0.0000636185815130748
'12777',0.0000636185815130748
'22847',0.0000636185815130748
'08449',0.0000636185815130748
'12287',0.0000636185815130748
'12552',0.0000636185815130748
'22848',0.0000636185815130748
'22693',0.0000636185815130748
'22694',0.0000636185815130748
'12778',0.0000636185815130748
'12551',0.0000636185815130748
'15669',0.0000614248373291112
'15670',0.0000614248373291112
'12470',0.0000614248373291112
'12026',0.0000614248373291112
'01656',0.0000614248373291112
'01655',0.0000614248373291112
'12469',0.0000614248373291112
'12076',0.0000614248373291112
'12075',0.0000614248373291112
'22453',0.0000614248373291112
'14154',0.0000614248373291112
'14153',0.0000614248373291112
'07723',0.0000614248373291112
'12188',0.0000614248373291112
'12187',0.0000614248373291112
'07707',0.0000614248373291112
'07708',0.0000614248373291112
'18510',0.0000614248373291112
'07714',0.0000614248373291112
'07717',0.0000614248373291112
'07718',0.0000614248373291112
'12616',0.0000614248373291112
'12615',0.0000614248373291112
'01712',0.0000614248373291112
'01711',0.0000614248373291112
'22454',0.0000614248373291112
'19570',0.000059377342746724
'22905',0.000059377342746724
'12129',0.000059377342746724
'08295',0.000059377342746724
'19569',0.000059377342746724
'12130',0.000059377342746724
'12453',0.000059377342746724
'18401',0.000059377342746724
'12273',0.000059377342746724
'18402',0.000059377342746724
'12670',0.000059377342746724
'12895',0.000059377342746724
'12896',0.000059377342746724
'13429',0.000059377342746724
'12888',0.000059377342746724
'12887',0.000059377342746724
'13430',0.000059377342746724
'12439',0.000059377342746724
'07724',0.000059377342746724
'12393',0.000059377342746724
'12565',0.000059377342746724
'12553',0.000059377342746724
'12497',0.0000574619446062455
'12498',0.0000574619446062455
'12716',0.0000574619446062455
'12715',0.0000574619446062455
'12454',0.0000574619446062455
'07265',0.0000574619446062455
'18637',0.0000556662588306204
'18638',0.0000556662588306204
'08302',0.0000556662588306204
'08301',0.0000556662588306204
'22828',0.0000556662588306204
'22827',0.0000556662588306204
'12520',0.0000556662588306204
'22881',0.0000556662588306204
'22882',0.0000556662588306204
'12812',0.0000556662588306204
'22133',0.0000556662588306204
'22134',0.0000556662588306204
'22845',0.0000556662588306204
'12578',0.0000556662588306204
'22682',0.0000556662588306204
'22681',0.0000556662588306204
'22852',0.0000556662588306204
'22851',0.0000556662588306204
'11096',0.0000556662588306204
'12811',0.0000556662588306204
'22846',0.0000556662588306204
'12495',0.0000539794024970218
'12496',0.0000539794024970218
'12830',0.0000539794024970218
'22807',0.0000539794024970218
'22808',0.0000539794024970218
'12829',0.0000539794024970218
'19579',0.0000539794024970218
'12324',0.0000539794024970218
'18509',0.0000539794024970218
'22618',0.0000539794024970218
'22615',0.0000539794024970218
'22616',0.0000539794024970218
'22617',0.0000539794024970218
'12418',0.0000539794024970218
'12417',0.0000539794024970218
'19056',0.0000539794024970218
'19055',0.0000539794024970218
'12988',0.0000539794024970218
'13157',0.0000539794024970218
'13158',0.0000539794024970218
'12543',0.0000539794024970218
'12554',0.0000539794024970218
'12859',0.0000523917730243893
'12025',0.0000523917730243893
'12279',0.0000523917730243893
'12879',0.0000523917730243893
'12860',0.0000523917730243893
'17313',0.0000523917730243893
'17314',0.0000523917730243893
'12280',0.0000523917730243893
'12389',0.0000523917730243893
'12390',0.0000523917730243893
'12681',0.0000508948652140225
'12673',0.0000508948652140225
'22409',0.0000508948652140225
'22410',0.0000508948652140225
'12295',0.0000508948652140225
'22120',0.0000508948652140225
'22119',0.0000508948652140225
'12707',0.0000494811189645099
'12708',0.0000494811189645099
'12018',0.0000494811189645099
'12017',0.0000494811189645099
'12237',0.0000494811189645099
'12238',0.0000494811189645099
'12957',0.0000494811189645099
'12205',0.0000494811189645099
'12206',0.0000494811189645099
'15006',0.0000494811189645099
'15005',0.0000494811189645099
'12472',0.0000494811189645099
'12476',0.0000494811189645099
'12474',0.0000494811189645099
'12478',0.0000494811189645099
'12460',0.0000494811189645099
'12072',0.0000494811189645099
'12071',0.0000494811189645099
'12327',0.0000494811189645099
'12328',0.0000494811189645099
'12369',0.0000494811189645099
'12370',0.0000494811189645099
'12151',0.0000494811189645099
'22871',0.0000481437914263729
'22872',0.0000481437914263729
'12824',0.0000481437914263729
'12724',0.0000481437914263729
'12846',0.0000481437914263729
'12845',0.0000481437914263729
'12459',0.0000481437914263729
'02510',0.0000481437914263729
'22407',0.0000481437914263729
'22408',0.0000481437914263729
'12345',0.0000481437914263729
'12346',0.0000481437914263729
'15227',0.0000481437914263729
'12165',0.0000481437914263729
'12166',0.0000481437914263729
'12823',0.0000481437914263729
'12943',0.0000468768495350123
'12944',0.0000468768495350123
'12103',0.0000468768495350123
'12082',0.0000468768495350123
'22464',0.0000468768495350123
'12463',0.0000468768495350123
'12081',0.0000468768495350123
'19057',0.0000468768495350123
'19058',0.0000468768495350123
'19050',0.0000468768495350123
'12629',0.0000468768495350123
'22685',0.0000468768495350123
'12614',0.0000468768495350123
'12613',0.0000468768495350123
'12002',0.000045674879038682
'12001',0.000045674879038682
'12304',0.000045674879038682
'12303',0.000045674879038682
'19322',0.000045674879038682
'19321',0.000045674879038682
'12360',0.000045674879038682
'12359',0.000045674879038682
'12630',0.000045674879038682
'12475',0.000045674879038682
'22686',0.000045674879038682
'22811',0.0000445330070644963
'19418',0.0000445330070644963
'19417',0.0000445330070644963
'16501',0.0000445330070644963
'22812',0.0000445330070644963
'12933',0.0000445330070644963
'22627',0.0000445330070644963
'22628',0.0000445330070644963
'06065',0.0000445330070644963
'06066',0.0000445330070644963
'22940',0.0000445330070644963
'22933',0.0000445330070644963
'22934',0.0000445330070644963
'16502',0.0000445330070644963
'22939',0.0000445330070644963
'12395',0.0000445330070644963
'12948',0.0000434468361561395
'11082',0.0000434468361561395
'11081',0.0000434468361561395
'12947',0.0000434468361561395
'15023',0.0000424123876813209
'15024',0.0000424123876813209
'12850',0.0000424123876813209
'12849',0.0000424123876813209
'12477',0.0000424123876813209
'12682',0.0000424123876813209
'12674',0.0000424123876813209
'11073',0.0000424123876813209
'11074',0.0000424123876813209
'12547',0.0000424123876813209
'12658',0.0000424123876813209
'12318',0.0000424123876813209
'17008',0.0000424123876813209
'12548',0.0000424123876813209
'12150',0.0000424123876813209
'12010',0.0000414260530770385
'12239',0.0000414260530770385
'12009',0.0000414260530770385
'12227',0.0000414260530770385
'12228',0.0000414260530770385
'12951',0.0000414260530770385
'12952',0.0000414260530770385
'12932',0.0000414260530770385
'12931',0.0000414260530770385
'12934',0.0000414260530770385
'12268',0.0000414260530770385
'12267',0.0000414260530770385
'12240',0.0000414260530770385
'22209',0.0000414260530770385
'22210',0.0000414260530770385
'12220',0.000040484551881673
'12219',0.000040484551881673
'19323',0.000040484551881673
'19324',0.000040484551881673
'12464',0.000040484551881673
'22183',0.000040484551881673
'22184',0.000040484551881673
'22185',0.000040484551881673
'22186',0.000040484551881673
'12350',0.000040484551881673
'12566',0.000040484551881673
'15098',0.000040484551881673
'15097',0.000040484551881673
'01082',0.0000395848951644826
'01081',0.0000395848951644826
'12644',0.0000395848951644826
'12645',0.0000395848951644826
'12646',0.0000395848951644826
'12643',0.0000395848951644826
'12974',0.0000395848951644826
'12973',0.0000395848951644826
'15047',0.0000379004315359141
'15048',0.0000379004315359141
'12184',0.0000379004315359141
'12183',0.0000379004315359141
'12668',0.0000379004315359141
'12667',0.0000379004315359141
'12174',0.0000379004315359141
'12173',0.0000379004315359141
'12540',0.0000379004315359141
'12014',0.0000371108392144758
'12013',0.0000371108392144758
'04408',0.0000371108392144758
'15235',0.0000371108392144758
'15236',0.0000371108392144758
'12053',0.0000371108392144758
'15233',0.0000371108392144758
'04407',0.0000371108392144758
'15234',0.0000371108392144758
'12054',0.0000371108392144758
'17007',0.0000371108392144758
'22695',0.0000371108392144758
'22696',0.0000371108392144758
'12155',0.0000371108392144758
'12156',0.0000371108392144758
'11037',0.0000363534751630521
'11038',0.0000363534751630521
'22857',0.0000363534751630521
'22858',0.0000363534751630521
'12358',0.0000363534751630521
'12357',0.0000363534751630521
'11407',0.0000363534751630521
'11408',0.0000363534751630521
'22208',0.0000363534751630521
'22207',0.0000363534751630521
'01713',0.0000363534751630521
'01714',0.0000363534751630521
'12154',0.0000363534751630521
'12153',0.0000363534751630521
'12302',0.0000363534751630521
'12804',0.0000363534751630521
'12803',0.0000363534751630521
'08501',0.000035626405651597
'08502',0.000035626405651597
'13508',0.000035626405651597
'13507',0.000035626405651597
'11068',0.000035626405651597
'04927',0.000035626405651597
'04928',0.000035626405651597
'12650',0.000035626405651597
'22205',0.000035626405651597
'12649',0.000035626405651597
'12008',0.0000342561592790115
'12007',0.0000342561592790115
'12036',0.0000342561592790115
'12035',0.0000342561592790115
'22817',0.0000342561592790115
'12986',0.0000342561592790115
'12985',0.0000342561592790115
'15057',0.0000336098166554749
'04404',0.0000336098166554749
'12107',0.0000336098166554749
'12104',0.0000336098166554749
'12108',0.0000336098166554749
'05028',0.0000336098166554749
'05027',0.0000336098166554749
'04403',0.0000336098166554749
'15029',0.0000336098166554749
'12534',0.0000336098166554749
'12533',0.0000336098166554749
'15030',0.0000336098166554749
'12583',0.0000336098166554749
'12584',0.0000336098166554749
'15058',0.0000336098166554749
'02111',0.0000336098166554749
'02112',0.0000336098166554749
'12260',0.0000329874126430066
'12314',0.0000329874126430066
'12911',0.0000329874126430066
'12912',0.0000329874126430066
'12330',0.0000329874126430066
'12172',0.0000329874126430066
'12171',0.0000329874126430066
'12380',0.0000329874126430066
'11111',0.0000323876414982131
'22356',0.0000323876414982131
'12167',0.0000323876414982131
'12168',0.0000323876414982131
'11112',0.0000323876414982131
'22816',0.000031809290765444
'22815',0.000031809290765444
'12588',0.000031809290765444
'12113',0.000031809290765444
'22824',0.000031809290765444
'22823',0.000031809290765444
'12441',0.000031809290765444
'12918',0.000031809290765444
'12917',0.000031809290765444
'12440',0.000031809290765444
'11454',0.000031809290765444
'11453',0.000031809290765444
'12587',0.000031809290765444
'12442',0.000031809290765444
'12121',0.0000312512330292792
'12122',0.0000312512330292792
'12114',0.0000307124186645556
'12513',0.0000307124186645556
'12514',0.0000307124186645556
'12032',0.0000301918691920418
'12102',0.0000301918691920418
'12101',0.0000301918691920418
'12870',0.0000301918691920418
'12869',0.0000301918691920418
'12029',0.0000301918691920418
'12030',0.0000301918691920418
'12015',0.0000296886713822686
'12016',0.0000296886713822686
'12739',0.0000296886713822686
'12740',0.0000296886713822686
'12004',0.000029201971840315
'12003',0.000029201971840315
'12033',0.000029201971840315
'12034',0.000029201971840315
'04416',0.000029201971840315
'04415',0.000029201971840315
'12230',0.0000287309723031227
'12229',0.0000287309723031227
'12266',0.0000287309723031227
'12265',0.0000287309723031227
'12425',0.0000287309723031227
'12426',0.0000287309723031227
'12046',0.0000282749251149429
'12594',0.0000282749251149429
'12593',0.0000282749251149429
'12045',0.0000282749251149429
'11305',0.0000278331294153102
'11306',0.0000278331294153102
'12157',0.0000278331294153102
'12158',0.0000278331294153102
'12909',0.000026195886503288
'12910',0.000026195886503288
'12842',0.0000258162359737386
'12841',0.0000258162359737386
'00852',0.0000254474326159178
'00851',0.0000254474326159178
'02509',0.0000254474326159178
'12028',0.0000254474326159178
'12027',0.0000254474326159178
'02873',0.0000254474326159178
'02874',0.0000254474326159178
'22106',0.000024740559482255
'22206',0.0000240718957042798
'12309',0.000022837439519341
'12142',0.000022837439519341
'12310',0.000022837439519341
'12141',0.000022837439519341
'02590',0.000022837439519341
'12394',0.000022837439519341
'12451',0.0000225483580107221
'12452',0.0000225483580107221
'12429',0.0000225483580107221
'12275',0.0000225483580107221
'12274',0.0000225483580107221
'12276',0.0000225483580107221
'12305',0.0000225483580107221
'12306',0.0000225483580107221
'12250',0.0000225483580107221
'12430',0.0000225483580107221
'12908',0.0000219916084227333
'12907',0.0000219916084227333
'02877',0.0000219916084227333
'02878',0.0000219916084227333
'12247',0.0000219916084227333
'12248',0.0000219916084227333
'12293',0.0000219916084227333
'12294',0.0000219916084227333
'08401',0.0000217234180780697
'08402',0.0000217234180780697
'12278',0.0000217234180780697
'12277',0.0000217234180780697
'12882',0.0000217234180780697
'12881',0.0000217234180780697
'08010',0.0000217234180780697
'12362',0.0000212061938317539
'12361',0.0000212061938317539
'12224',0.0000209567092026304
'12284',0.0000209567092026304
'12283',0.0000209567092026304
'22203',0.0000207130265474258
'22204',0.0000207130265474258
'12263',0.000018950215767957
'12264',0.000018950215767957
'12298',0.000018950215767957
'12222',0.0000185554196161445
'12221',0.0000185554196161445
'12261',0.0000185554196161445
'12245',0.0000183641266236163
'12246',0.0000183641266236163
'02853',0.0000183641266236163
'02882',0.0000178132028257985
'12128',0.0000176368344827523
'12124',0.0000176368344827523
'12262',0.0000176368344827523
'12437',0.0000171280796484124
'12438',0.0000171280796484124
'12243',0.0000163423879196233
'12244',0.0000163423879196233
'12622',0.0000153562093411844
'12621',0.0000153562093411844
'12285',0.0000153562093411844
'12612',0.0000153562093411844
'12611',0.0000153562093411844
'22110',0.0000140261439608282
'22109',0.0000140261439608282
'12434',0.0000130979432605506
'04405',0.0000109958042202733
'04406',0.0000109958042202733
'12286',0.0000104783546013152
'12270',0.0000100074173212669
'12269',0.0000100074173212669
'12297',0.00000856403982420618
