Station,PageRank
SSPN,0.0004057618
ACL ,7.24574674665974E-005
BP  ,0.0001738979
BUDM,0.0001738979
RUI ,0.000028983
KLL ,0.0001159319
PRP ,0.0001738979
KAD ,0.0002463554
SBRA,0.000086949
KOTT,1.44914934933195E-005
KFP ,0.000086949
VLR ,0.0001738979
JPH ,0.0001449149
MBS ,7.24574674665974E-005
JTJ ,0.002318639
KSD ,0.0002028809
AXA ,0.000028983
BIC ,0.000028983
RM  ,0.000028983
REM ,0.000028983
GVMR,0.000028983
CKOD,4.34744804799585E-005
KZY ,0.000028983
KOTA,0.0023476219
VPZ ,0.000028983
PAD ,0.0001304234
LR  ,0.000028983
NYY ,0.0002028809
BSDP,0.0001159319
DDN ,0.0005216938
UMR ,0.0005506768
JRK ,7.24574674665974E-005
HAN ,0.0004782193
TLH ,0.0002608469
PRNR,0.000028983
PTNR,4.34744804799585E-005
VRB ,1.44914934933195E-005
LM  ,0.0001304234
VYN ,0.000057966
KMC ,0.0004782193
PRNA,0.000057966
TRT ,0.0002753384
GKC ,0.0001014405
UMRI,0.0002608469
KNHN,0.000028983
GDR ,0.002318639
TLHD,0.0004927108
BHP ,0.0009129641
MZR ,0.0004637278
TRTR,0.0002028809
GIZ ,0.000028983
MGG ,0.000086949
CAG ,0.0001738979
MLU ,1.44914934933195E-005
TTR ,0.0004927108
KNHP,0.000057966
TLHR,0.0001594064
JES ,0.000028983
BLLI,0.000028983
CSN ,0.0006521172
ACLE,0.000028983
TNR ,0.0001159319
JHJ ,0.000028983
RGI ,4.34744804799585E-005
SUA ,0.000028983
PCZ ,0.000057966
BTX ,0.000057966
NKP ,0.0001449149
LMK ,0.000057966
SLD ,0.0001159319
PPLI,0.000028983
BRTK,0.000057966
SQL ,0.000028983
KFPR,0.000028983
BYHA,1.44914934933195E-005
DDP ,0.000028983
BAK ,0.000028983
PAZ ,0.0002028809
MPR ,0.000028983
KMRD,0.000028983
IZN ,0.000086949
BTV ,0.000057966
TN  ,0.0001449149
SVRP,0.000086949
GK  ,4.34744804799585E-005
RRI ,0.0001159319
KBJ ,0.0004637278
BSRL,0.000028983
NSL ,0.0004057618
APD ,0.000028983
BAE ,0.000028983
BHD ,4.34744804799585E-005
KRL ,0.000057966
KKA ,0.000028983
VKN ,0.0002028809
MLGH,0.0001159319
GMDA,0.000057966
SAGR,0.000057966
WSB ,0.000028983
AZ  ,0.0004202533
HDP ,0.0001159319
GMR ,0.0002608469
MPLR,0.000028983
GAR ,0.0004202533
CPR ,0.0017534707
HD  ,0.0007390662
MPLM,0.000028983
TLO ,1.44914934933195E-005
DHT ,0.000057966
MWK ,0.000028983
GGB ,0.000057966
PMPE,0.000028983
HBD ,0.0007100832
BAKA,0.000028983
USL ,0.0003333044
QLN ,0.0016230473
UJA ,0.0003767788
GMD ,0.000028983
TKB ,0.000028983
KJN ,0.0003188129
PKU ,0.0003622873
KSRA,0.0003477958
BLDI,0.0001738979
PDW ,0.000086949
KYQ ,0.0013042344
ATUL,0.000028983
DLR ,0.0001883894
DQG ,0.0004782193
ROP ,0.000086949
BIR ,1.44914934933195E-005
PIA ,0.000086949
GUU ,0.000028983
TXD ,0.000028983
GHD ,0.0004782193
MPL ,0.0001449149
JACN,0.000028983
BSR ,0.0013622004
MJG ,0.0001304234
RTM ,0.0018404197
BCY ,0.0003912703
ZB  ,0.0002318639
MLI ,0.000028983
BLL ,0.000057966
KKAH,0.000057966
CNH ,0.000057966
MW  ,0.0002463554
VEN ,0.000028983
GOH ,0.0001304234
APDJ,0.0004057618
LNK ,0.000086949
HRV ,0.0001738979
PTT ,0.000028983
VAPM,0.000057966
GPJ ,0.000028983
STPD,4.34744804799585E-005
VAPI,0.0019128771
BZLE,0.0001304234
CAI ,0.000057966
BEG ,0.000028983
STPT,4.34744804799585E-005
LGO ,0.0001449149
HIL ,0.000057966
RQJ ,0.0001159319
BAW ,7.24574674665974E-005
ATE ,0.0002753384
DWG ,7.24574674665974E-005
NXN ,0.000086949
TVL ,0.0001159319
GNH ,0.0002898299
UNDI,0.000028983
TAE ,0.000028983
PNDM,7.24574674665974E-005
PGU ,0.000028983
BKPT,0.000028983
JHIR,0.000028983
KML ,0.0001449149
KTA ,0.000028983
BKP ,0.0014346579
MKO ,0.000057966
JLL ,0.0002028809
NOL ,7.24574674665974E-005
DIVA,0.0003333044
KOHR,0.000028983
YT  ,0.0001159319
ABS ,0.0002463554
KMLI,0.000028983
GLTA,4.34744804799585E-005
BQE ,4.34744804799585E-005
GYN ,0.0004637278
VS  ,0.0001014405
PND ,0.0006811002
STP ,4.34744804799585E-005
MQ  ,0.0001159319
SPP ,0.0001594064
TMR ,0.0004347448
AFK ,0.0006376257
GHR ,0.0003043214
CBU ,0.000028983
GUG ,0.000028983
PBM ,0.000028983
SBE ,0.000028983
LBA ,0.0001738979
MOTC,4.34744804799585E-005
BMNL,0.000028983
NLD ,0.0001014405
MOTH,0.0001449149
PPF ,0.000028983
NWU ,0.0001883894
NPW ,0.000086949
NNP ,0.000028983
MVLK,0.0005506768
SKF ,0.000028983
SBW ,0.000028983
KGM ,0.0002318639
NRW ,0.0004202533
KLTR,0.0001159319
YGL ,0.000028983
CHP ,0.0001014405
BKN ,0.0007825406
DMT ,0.000086949
NTW ,0.000028983
TKMY,7.24574674665974E-005
ABLE,1.44914934933195E-005
MNDR,0.0001014405
RBD ,0.000057966
SVN ,0.000086949
BNLW,0.0003622873
MNDH,4.34744804799585E-005
ANPR,4.34744804799585E-005
NBH ,0.0001738979
MAQ ,0.0006086427
UMED,0.000057966
BLPU,0.0001159319
BLPR,0.000028983
NVG ,7.24574674665974E-005
STN ,0.0002753384
AYB ,1.44914934933195E-005
LDW ,1.44914934933195E-005
UM  ,0.000028983
KGS ,0.0001159319
ANTU,0.0001883894
AGC ,0.0022461815
ANB ,0.0001159319
RDHP,0.000086949
SEM ,0.0003477958
MXA ,0.000028983
KEK ,0.0001159319
KBRV,0.0001449149
HAT ,0.000057966
BNL ,0.000057966
MND ,0.000028983
WHM ,0.0003767788
AAS ,0.000057966
MEX ,0.0003622873
SVNR,0.000028983
MOT ,0.0002173724
PM  ,0.0001304234
NLDA,0.0004637278
KWAE,0.0003622873
CHPT,0.000028983
NLDM,0.0001738979
BINA,0.0019708431
GLH ,0.000028983
SWV ,0.0002608469
BAQ ,0.0006955917
PNJ ,7.24574674665974E-005
GPT ,0.000028983
BKNG,0.0002028809
SRNR,0.0001014405
NDB ,0.0008984726
SRNT,7.24574674665974E-005
PS  ,0.000028983
PES ,0.000028983
BRK ,0.000028983
KNKT,4.34744804799585E-005
GPB ,0.0003767788
CTKT,0.000086949
MTR ,0.0001449149
SZH ,0.000057966
OM  ,0.000057966
AGMN,0.000028983
KDU ,0.0001449149
KQA ,0.000028983
PSK ,0.000057966
BPL ,0.0033620265
UCH ,0.000028983
BTK ,0.000086949
LRD ,0.0001883894
SUP ,0.000028983
LMD ,0.000057966
SKT ,0.0002608469
ISM ,1.44914934933195E-005
SEB ,0.0002753384
GMO ,0.0007245747
NHY ,0.000057966
WC  ,0.0001014405
KHU ,0.0001014405
MHBT,0.000028983
DGS ,1.44914934933195E-005
NGTN,0.000057966
KUG ,0.000028983
KFA ,0.000086949
RMA ,0.0006811002
LKG ,0.000028983
BRUD,0.000028983
KRAR,0.0004057618
NRKR,0.0004202533
KLK ,0.0003912703
DAKA,0.000057966
PLS ,0.000086949
NNL ,0.0001449149
DAKE,0.0002028809
KS  ,0.0001449149
NRYP,0.000028983
AST ,7.24574674665974E-005
KCKI,0.000028983
SKTN,0.000057966
NRK ,1.44914934933195E-005
KASR,0.000028983
GKB ,0.000028983
PML ,0.0001449149
UAR ,0.000028983
NGT ,0.0001449149
BRU ,0.000028983
BRKA,0.0003767788
GKM ,0.000057966
RDT ,1.44914934933195E-005
BTKP,0.000057966
KPS ,1.44914934933195E-005
BRKH,0.000028983
UMS ,0.000028983
PAK ,0.0004782193
JYG ,0.0002318639
KUF ,0.000028983
MJZ ,0.000028983
JRT ,0.000028983
MNJ ,0.000057966
MZC ,0.0001159319
JNTR,0.000028983
MSB ,0.0004927108
KZJ ,0.0015071153
BQI ,0.0001304234
MED ,0.0001449149
VNUP,0.0002028809
UTA ,0.000028983
UGR ,0.000057966
BNI ,0.000057966
BN  ,0.0001594064
SCM ,0.0004057618
BSC ,0.000086949
POZ ,0.000086949
TIM ,7.24574674665974E-005
LAR ,0.0009564386
MGN ,0.0006086427
PHN ,0.0003622873
CRE ,0.0001014405
KZT ,0.0002318639
AJN ,0.000028983
TBR ,0.000028983
SAA ,0.000086949
RPRD,0.0002608469
MVF ,0.000028983
XXXX,0.000028983
MMH ,1.44914934933195E-005
RPRL,0.000028983
BTY ,0.0001449149
VZM ,0.0021592325
JER ,0.0004637278
PGA ,0.000028983
RGH ,0.000057966
KOU ,0.0003622873
PAY ,0.0006376257
MHD ,0.0003767788
RPR ,0.0002318639
RXL ,0.0002028809
BTW ,0.0002318639
KBM ,0.000086949
KTM ,0.000057966
PNW ,0.0001014405
GEK ,0.000028983
RRJ ,0.000028983
JRLE,0.0001883894
PGZ ,0.000028983
HSK ,0.0001449149
MIK ,0.000028983
BOBS,4.34744804799585E-005
TUP ,0.0018114367
HRI ,0.0010723705
CTYL,0.0001014405
RV  ,0.0001738979
KSC ,0.000028983
HYB ,0.0006086427
SOM ,1.44914934933195E-005
NGB ,0.000028983
DZA ,0.0003912703
PMD ,0.000028983
DEG ,0.000028983
AJNI,0.0002463554
GMS ,0.0002173724
BDL ,0.0007100832
JSR ,4.34744804799585E-005
KY  ,0.0003333044
PKB ,0.000028983
KKLR,0.0003622873
GH  ,4.34744804799585E-005
SNKR,0.000028983
DNK ,4.34744804799585E-005
KKLU,0.000028983
BWI ,0.000057966
MLGT,0.000057966
GJS ,0.000028983
LLD ,1.44914934933195E-005
MDN ,0.0005216938
DHA ,0.000028983
GWV ,0.000057966
MKB ,0.0001594064
UJN ,0.0015650813
PGTN,0.000028983
KMME,0.0002028809
UGD ,0.000028983
KMS ,0.0001304234
JTRD,0.000028983
JID ,0.0004202533
PRG ,0.0003912703
BZG ,0.000028983
JBG ,0.000028983
BET ,0.000057966
BGVN,0.0002173724
CRW ,1.44914934933195E-005
TETA,0.000086949
BH  ,0.0018404197
KGLE,0.0002608469
BJW ,0.000057966
CNK ,0.000057966
HRW ,0.000028983
JTR ,0.000028983
PMR ,0.0002318639
KMSD,0.000028983
ARE ,0.000028983
ALPR,1.44914934933195E-005
KMSI,0.000028983
BEF ,0.000057966
NIQ ,0.0001159319
TAKL,1.44914934933195E-005
SM  ,0.0002463554
GHH ,0.0001594064
DS  ,0.000028983
KMST,0.000086949
NBG ,0.0001738979
RMY ,0.000028983
BSQP,0.0002028809
TDD ,0.0009999131
BDDR,0.000028983
MDNR,0.0002753384
GUV ,0.000057966
IGP ,0.0015216068
MBNL,0.0001159319
KOI ,0.0001159319
DNKL,0.0005941512
HLN ,0.0001738979
NU  ,0.0009564386
API ,0.000028983
MBNR,0.0006955917
PGT ,0.0015216068
BWIP,0.000028983
CHJ ,0.0001304234
DKAE,0.0001594064
HNK ,0.000057966
JHN ,0.0001159319
KRND,0.0002318639
DRLA,1.44914934933195E-005
NOK ,0.0005506768
DUD ,0.0001738979
TAR ,0.000028983
AKJ ,0.000086949
KRNR,0.0001738979
BEHS,0.0001014405
BEHR,0.0001159319
ABR ,0.0013477089
PNE ,0.0002608469
ANSB,0.0001449149
SNJL,0.000028983
GWD ,0.0005796597
BSRX,0.0001449149
JDN ,0.000028983
BDU ,0.0001159319
TKRI,0.000086949
BLT ,0.0001449149
JAIS,0.0002753384
SME ,0.000086949
KWP ,0.000028983
DJRZ,0.000086949
DKS ,0.000028983
SYQ ,0.000028983
SKI ,0.0002318639
MNF ,0.0001159319
SBD ,0.000086949
GUH ,1.44914934933195E-005
DWX ,0.0009564386
MMV ,0.000086949
NLE ,0.0002608469
IKR ,4.34744804799585E-005
ROK ,0.0007390662
SDV ,0.000086949
BTA ,0.0003477958
SYC ,4.34744804799585E-005
SC  ,0.0024635539
SBV ,0.0001738979
VR  ,0.0001883894
SBLJ,0.000028983
MRK ,0.0002898299
MMKB,1.44914934933195E-005
SMET,0.0001449149
PUL ,0.0002463554
KIAT,0.000028983
S   ,0.0001304234
DRL ,0.0001449149
BEH ,0.0001738979
BQA ,0.0005796597
JNRD,0.000028983
JU  ,0.0012607599
MO  ,0.0001449149
DPH ,1.44914934933195E-005
KPN ,0.0003622873
KGB ,0.0002463554
NBI ,0.0001738979
CLG ,0.0003477958
QRP ,0.0001304234
NYG ,0.000057966
AKT ,0.0003622873
KGP ,0.0025360114
ALM ,0.000057966
WNG ,7.24574674665974E-005
YLG ,0.000057966
KNPR,1.44914934933195E-005
NFK ,0.0009999131
JKE ,0.0001883894
DTRA,0.000028983
LDX ,0.000028983
UKR ,0.000057966
JPS ,0.000028983
NRZB,0.0001883894
KATI,0.0002028809
KATL,0.0003912703
MBA ,0.0002608469
ANA ,4.34744804799585E-005
RDG ,0.000028983
UMB ,0.0029852477
GDL ,0.0002318639
KHTU,0.000028983
UTR ,0.000057966
ABH ,0.000086949
JWL ,0.000057966
PSD ,7.24574674665974E-005
SY  ,0.0003767788
DG  ,0.0010723705
BGPR,0.000028983
BMCK,0.000086949
MTC ,0.0007825406
GPAE,0.000028983
PNYA,7.24574674665974E-005
PERN,0.0001449149
AMSA,0.000086949
LKT ,0.000057966
SZY ,0.000028983
COI ,0.0007970321
TWG ,0.0001159319
PNK ,0.0002608469
KDTN,0.0001014405
DRR ,0.000057966
SNV ,0.000057966
KRP ,0.000057966
MTU ,0.000057966
UAM ,0.000057966
PSDA,0.000057966
PER ,0.0006086427
OKD ,0.000028983
VML ,0.000028983
SWE ,0.000057966
RJN ,0.0008115236
JNU ,0.0006086427
BRD ,0.0005506768
KRPR,0.000057966
AMS ,1.44914934933195E-005
KDT ,0.000028983
GRCP,0.000028983
SGND,0.0001159319
NAK ,0.000028983
BTH ,0.0002608469
SRC ,0.0012462684
DAJ ,0.000086949
PBV ,0.000028983
ANAS,0.000057966
KHT ,0.0004347448
PLCJ,0.0002463554
BIRD,0.0004637278
IBL ,0.000057966
NVRD,0.000057966
CHE ,0.001144828
ZARP,0.000028983
RHN ,0.000028983
BLQR,0.0001449149
TKLB,0.000028983
BGBR,0.0002028809
TBM ,0.0008694896
KLJ ,0.000028983
OBVP,0.0001159319
POK ,0.000057966
MVN ,0.0001159319
NRL ,4.34744804799585E-005
TTB ,0.000086949
SAP ,0.0003767788
KUR ,0.0027678753
RE  ,0.0011303365
PMK ,0.0002318639
SDM ,0.000028983
DXG ,0.0001449149
KSB ,0.0003477958
JEUR,0.0002753384
DARA,4.34744804799585E-005
LOV ,0.000057966
AGN ,0.0002028809
BMPL,0.000028983
ZPL ,0.000086949
HCP ,0.0002318639
CBN ,0.000028983
TLJ ,0.000057966
UTD ,0.000057966
MHU ,0.000028983
KNJ ,0.0001449149
MNI ,0.0002173724
PRLI,0.0003767788
NNR ,0.0001738979
DVH ,0.000057966
JRU ,0.0002463554
VRD ,1.44914934933195E-005
GDPT,0.000028983
VRVL,4.34744804799585E-005
RNPR,0.0001159319
RDUM,0.0001159319
KWN ,0.000028983
KPRD,0.000057966
SQN ,0.0001014405
PTH ,0.000028983
YP  ,0.000057966
JRG ,0.000028983
HSX ,0.000028983
BHV ,0.000028983
BRH ,0.000086949
BSB ,0.0029127902
GID ,0.0002608469
KPRR,0.000057966
DY  ,0.000028983
PRL ,0.000057966
LC  ,0.0002318639
POU ,0.000057966
AUWA,0.000028983
JMKL,1.44914934933195E-005
NJM ,0.000057966
PMKT,4.34744804799585E-005
MGC ,0.000086949
BPC ,0.0001449149
BRVR,0.000028983
SAPE,0.000057966
ACND,0.0001883894
DGDG,0.000028983
PJR ,0.000028983
RGO ,0.0003767788
SLB ,0.0001738979
SSN ,0.000028983
GKP ,0.0019708431
KP  ,0.0002318639
OSA ,0.000028983
NAM ,0.0001159319
BTT ,0.0007245747
BDM ,0.0001738979
OMLF,0.000028983
BSPN,0.000028983
NDR ,4.34744804799585E-005
KBL ,0.0003477958
BSPX,0.000057966
TPNI,0.000057966
ATU ,0.000086949
SL  ,0.0002608469
DBU ,0.0001594064
BSPR,0.000086949
BHDR,1.44914934933195E-005
TPND,0.000057966
LSI ,0.0003477958
MUA ,0.000028983
HFZ ,0.000057966
SEU ,0.0001014405
TORI,0.0003188129
VXD ,0.000057966
PMY ,0.0005651682
ADI ,0.0036953308
MWM ,0.0001449149
SOR ,7.24574674665974E-005
CPP ,0.0002608469
NGA ,0.000086949
GTL ,0.0014346579
BYT ,0.001057879
RMF ,0.000028983
MBM ,0.0002898299
KSPR,0.000028983
GNW ,4.34744804799585E-005
ZPI ,4.34744804799585E-005
RDDE,1.44914934933195E-005
TMLU,0.000028983
HIP ,0.000028983
GALE,0.000028983
BWH ,0.0001738979
PKW ,0.0004492363
NGAN,0.000028983
ADIJ,1.44914934933195E-005
SORO,0.0002608469
AI  ,0.0001738979
GMTO,4.34744804799585E-005
OML ,0.000086949
MOM ,1.44914934933195E-005
SLPM,0.000028983
ED  ,0.0023476219
BSP ,0.0018694027
GSW ,0.000057966
GTK ,0.0001159319
RNBT,0.000028983
BTTR,0.0003477958
GELA,0.000057966
BMKD,4.34744804799585E-005
BAGD,0.000028983
BJP ,0.0003477958
HDD ,0.000057966
HRT ,0.000057966
BUL ,0.000057966
DHD ,0.0009854216
DKO ,0.0002028809
KK  ,0.0002463554
PBKS,0.000028983
ARD ,0.000028983
JTS ,0.000028983
GHPU,0.000057966
GDU ,0.000057966
BGUA,0.000028983
PDKN,0.0001159319
DKRA,1.44914934933195E-005
VARD,0.0001449149
BEY ,0.0001159319
PDKT,0.0002318639
GW  ,4.34744804799585E-005
CND ,0.0002318639
BXN ,0.0005941512
SDGM,0.000028983
SFW ,0.0001159319
BONA,0.0003333044
SDGH,0.0001159319
KRAI,7.24574674665974E-005
CHR ,4.34744804799585E-005
NMX ,0.000086949
RGS ,0.0001449149
KON ,0.000028983
PUN ,0.000028983
ULA ,0.000086949
LCAE,0.000028983
PGW ,0.0011013535
KTMA,0.0002028809
TL  ,0.000086949
TAC ,0.000057966
KMN ,1.44914934933195E-005
VSKP,0.0029127902
KKM ,0.0001738979
VKR ,0.0001159319
NN  ,0.0003333044
VT  ,1.44914934933195E-005
UBR ,0.0001594064
MLG ,7.24574674665974E-005
SBG ,0.0004347448
KMNR,0.000086949
DR  ,0.0015940643
PIZ ,0.0001014405
DBI ,0.000057966
KONY,7.24574674665974E-005
NZB ,0.0005941512
AS  ,0.000057966
SVHE,0.0001159319
HZR ,0.000028983
KMNC,0.0003477958
KKP ,0.0002028809
DOZ ,0.000028983
DUSI,0.000028983
CLX ,0.0009419471
KYE ,0.0003477958
GMH ,0.000086949
BHJA,0.000028983
BGU ,0.0001159319
HDU ,4.34744804799585E-005
TIU ,0.000086949
BZN ,0.0001159319
MFP ,0.0014491493
NANA,0.000057966
KFH ,0.000028983
CNDB,0.000057966
CNDM,0.0001159319
LBG ,0.0001014405
SMP ,0.000057966
SIHO,0.000028983
STL ,0.0002463554
Y   ,0.000057966
GLNA,0.000028983
BIH ,0.0006376257
HMG ,0.000028983
GRBL,0.000057966
NAND,0.000028983
DRSN,0.0001738979
KRSH,1.44914934933195E-005
JW  ,0.000028983
KRSL,0.000057966
SRP ,0.0001449149
CHV ,0.0002898299
SBY ,0.000028983
THAN,0.0003043214
HKG ,0.0001449149
JTU ,1.44914934933195E-005
G   ,0.0014926238
KDMR,0.000057966
TJ  ,0.0004347448
KIS ,0.000028983
BLNR,0.000028983
MCVM,0.000028983
ALB ,0.000086949
SVH ,0.000057966
KRA ,0.000086949
UKA ,0.000028983
TU  ,0.0005216938
ALLP,0.0007100832
KMLR,0.000028983
ANR ,0.0002463554
BGK ,0.0002608469
BLNI,0.000028983
CLF ,0.0001159319
SXT ,0.000057966
VM  ,0.0013622004
BBS ,0.0030432136
DMH ,0.000028983
SMPA,0.000057966
BGKT,0.0003622873
MCV ,0.000028983
RQP ,0.000086949
KGQ ,0.0010433875
URI ,0.0005506768
NVS ,0.0009419471
MUGR,0.000057966
SEO ,0.0001594064
NYH ,0.000028983
AYRN,0.000057966
KWGN,0.000028983
GRB ,0.000028983
DUI ,0.0006666087
SDUA,0.000028983
BKL ,0.000057966
CAN ,0.0013332174
NZT ,0.000028983
LKW ,0.000028983
DOL ,0.0002318639
MMVR,0.000028983
BTE ,0.001144828
SMPR,0.000086949
THA ,0.000028983
JCL ,0.0002318639
WRC ,0.000028983
STLR,0.000057966
JND ,0.0002028809
KHED,0.0002173724
GKL ,4.34744804799585E-005
SRPJ,0.000057966
DRS ,0.000028983
LKA ,0.0003477958
UHR ,0.0002753384
URGA,1.44914934933195E-005
PAIL,1.44914934933195E-005
SWNI,1.44914934933195E-005
RDRA,0.0002173724
AMP ,0.0003333044
BMB ,0.0003622873
BRE ,0.0001304234
BPR ,0.000086949
RJO ,0.000057966
SNC ,0.000028983
PK  ,0.000028983
CMX ,0.000028983
KXT ,0.000057966
CDM ,0.0004057618
LRJ ,0.0009709301
TLKH,0.000057966
RPL ,0.000028983
KRDH,7.24574674665974E-005
UDZ ,0.0003912703
BNN ,0.0002753384
PBW ,0.000028983
SKR ,0.000028983
HTK ,0.0002318639
PTLI,0.000028983
CHD ,0.0002173724
NEP ,0.000057966
LMNR,0.000057966
DGU ,0.000057966
CAP ,0.0005651682
KPU ,0.000028983
NNN ,0.0001449149
KXN ,0.0001159319
KCG ,0.0007970321
NRM ,0.000028983
SRBA,1.44914934933195E-005
SNQ ,0.000057966
DGG ,0.0006086427
KJU ,0.000028983
CAPE,0.0002608469
NGR ,0.0002463554
NHN ,0.0001594064
KRS ,0.000086949
UHL ,0.0001159319
KPQ ,0.0002608469
SGO ,0.0009129641
DBKA,0.000057966
SUR ,0.0014491493
DPU ,0.0006231342
CDMR,0.0001014405
PAI ,0.000028983
AMPA,0.0002898299
MHT ,0.000028983
BPRD,0.0003477958
CD  ,0.0010144045
GDA ,0.0008115236
KDSD,0.000057966
GTX ,0.000057966
AMPR,0.000028983
BTIC,4.34744804799585E-005
VRE ,0.000057966
BNP ,0.000086949
KVR ,0.0007680492
AT  ,0.000028983
ODM ,0.0001159319
RIG ,0.0006521172
KEN ,0.000028983
RNQ ,0.0002318639
BTSR,1.44914934933195E-005
BHW ,0.0003767788
YPD ,0.000086949
SEI ,0.000028983
JIT ,0.000028983
DEEG,0.000028983
AIG ,0.000028983
POT ,0.000028983
LPNR,4.34744804799585E-005
REN ,0.000086949
RJY ,0.0027388923
COR ,0.0006666087
BRW ,0.000028983
KVLS,0.000028983
DJ  ,0.0001738979
IQG ,0.000028983
FZD ,0.0005796597
GVN ,0.0004202533
GGAR,7.24574674665974E-005
KQK ,0.000086949
SVJR,0.0003188129
BTG ,0.000057966
SUL ,1.44914934933195E-005
SURL,0.000028983
CQA ,0.000028983
BDJ ,0.0007245747
JSP ,0.0001304234
KLP ,0.000057966
KDO ,0.000028983
EDD ,0.000057966
KXH ,0.000057966
BBO ,1.44914934933195E-005
BFR ,4.34744804799585E-005
SLO ,0.0019563516
MYA ,0.0005506768
ATT ,0.000028983
GTLM,0.000028983
SURI,0.0002898299
NAZJ,0.000057966
GOY ,0.0002028809
TTU ,0.000028983
KLG ,0.000086949
SAC ,0.000057966
JBL ,0.000028983
WSA ,0.000057966
DXR ,0.000057966
HRG ,4.34744804799585E-005
GTNR,0.0001304234
JITE,0.000057966
ADH ,0.0003767788
KJG ,0.000057966
SOS ,0.000086949
SCKR,0.000086949
PKD ,0.0001738979
DEE ,0.0008984726
DPUR,0.000028983
TOU ,0.000057966
CHCR,0.000028983
VNA ,0.0001014405
PPC ,7.24574674665974E-005
VCN ,0.000028983
KYT ,0.000028983
DISA,0.0001159319
PVD ,0.000057966
BTI ,0.0007245747
SDH ,0.000028983
BTRA,0.000057966
SLF ,0.000028983
ROU ,0.0012607599
CNGR,0.0009564386
BAI ,0.000028983
BHKD,4.34744804799585E-005
RNC ,0.0008984726
VEER,0.0001159319
TRO ,0.0002318639
SANK,1.44914934933195E-005
JTB ,4.34744804799585E-005
WIRR,0.000028983
BPKA,0.000057966
DOE ,0.000086949
KOTI,0.000028983
BJQ ,4.34744804799585E-005
RN  ,0.0008984726
DBEC,0.000086949
DHE ,0.000057966
HJL ,0.000028983
ARK ,0.000028983
PQN ,0.0001738979
AJ  ,1.44914934933195E-005
GOGH,0.000086949
BQQ ,4.34744804799585E-005
UVD ,0.0001594064
LNT ,0.000028983
BUQ ,0.0001304234
BHET,7.24574674665974E-005
MLHA,0.0001449149
IB  ,0.000057966
AVS ,0.000028983
MVW ,0.000028983
GPY ,0.000028983
DKC ,1.44914934933195E-005
BFD ,0.000057966
TCR ,0.0021592325
BAP ,0.0006086427
GUX ,0.000057966
DSPN,0.000028983
MKX ,0.0001014405
GBA ,0.0001738979
APK ,0.000028983
KH  ,0.000028983
DSPT,4.34744804799585E-005
KKJ ,0.000057966
KTO ,0.000086949
SJQ ,0.000057966
JJK ,0.0002463554
TDH ,1.44914934933195E-005
SVKS,0.000028983
SBC ,0.0016955047
HCNR,0.000057966
GT  ,0.000086949
DIA ,0.0001159319
SHSK,0.000086949
LTRR,0.0004347448
MJ  ,0.0012462684
SVKD,0.000028983
PST ,0.000057966
KPLL,0.000028983
NOI ,7.24574674665974E-005
KMK ,0.000028983
KPLE,0.000028983
ABP ,0.0005651682
RBGJ,0.0001738979
JDL ,0.000057966
CPK ,0.0004492363
MYL ,0.000057966
ADT ,0.000086949
BJ  ,4.34744804799585E-005
BWSN,1.44914934933195E-005
HTZU,0.0001159319
PDD ,0.000057966
KYF ,0.000086949
SMQL,0.000057966
KHDI,0.000028983
SSPD,0.000028983
KUA ,0.0001159319
STKT,0.0001738979
BZO ,4.34744804799585E-005
SDF ,0.000086949
KWV ,0.0009274556
CCA ,0.000057966
KHDB,4.34744804799585E-005
NLKR,0.000057966
PBH ,0.0007390662
BGTA,0.000086949
MQU ,0.000057966
ROI ,0.000028983
BZY ,7.24574674665974E-005
BWS ,0.000028983
SK  ,0.000028983
LBN ,0.000028983
DD  ,0.0016955047
ADTL,0.000057966
HVR ,0.0005361853
SDT ,0.000086949
CGI ,0.000057966
BIK ,0.000028983
ADTP,0.0001449149
KHD ,1.44914934933195E-005
HBS ,0.000028983
HTZ ,0.0007100832
DO  ,0.0007245747
KIT ,0.0002028809
NW  ,0.0002173724
LTR ,0.0001014405
ICL ,4.34744804799585E-005
BCN ,0.0003912703
DRB ,0.000028983
TAPA,0.0002318639
DLD ,7.24574674665974E-005
JJKR,0.0013477089
RBG ,0.0001449149
RASP,0.000086949
UBC ,0.0005941512
KPL ,0.000057966
CLE ,0.000028983
KPZ ,0.0001159319
DPJ ,0.0003043214
DMO ,0.0008260151
LRU ,0.000028983
KRR ,0.0007245747
SGL ,0.0003188129
WTR ,0.0001014405
TEN ,0.0007245747
MRWS,0.000028983
SEH ,0.0007245747
MA  ,0.0001304234
KTU ,0.0004927108
UKL ,4.34744804799585E-005
YKA ,0.000028983
BLO ,0.000028983
KCVL,0.0004057618
CHKE,0.000057966
KEF ,0.000057966
SYWN,4.34744804799585E-005
ANO ,0.000057966
MAUR,0.0001738979
PPI ,0.001086862
MOW ,1.44914934933195E-005
HTE ,0.0004637278
JWB ,0.0002608469
SGRL,0.0002753384
SGRM,0.000028983
PCLI,0.000028983
NDW ,0.000028983
SPE ,0.0004782193
SGRD,0.000028983
SGRE,0.000028983
KHE ,1.44914934933195E-005
SNP ,0.0005361853
SGRA,0.0001738979
THB ,0.0002753384
UPD ,0.000028983
MKDD,0.0001159319
JWP ,0.0001883894
KAV ,0.000028983
JLW ,7.24574674665974E-005
SZM ,0.0005216938
PEP ,7.24574674665974E-005
MKDN,0.000028983
MRIJ,0.000028983
MKDI,0.000028983
BLWR,1.44914934933195E-005
MAU ,0.0007100832
DRPH,4.34744804799585E-005
MAGH,0.000057966
AMQ ,0.000028983
BPS ,0.000028983
GRMT,1.44914934933195E-005
PCL ,0.000028983
SGR ,0.0001449149
GRMR,0.0001449149
NDAE,0.0003622873
BNO ,0.000057966
TKN ,0.0001014405
SGLA,0.0001594064
SRE ,0.0015505898
PLMD,0.000028983
DDJ ,0.0002753384
MAR ,0.000028983
KLZ ,0.000028983
KCV ,0.000028983
FKM ,0.0002463554
HKH ,0.000057966
VL  ,0.000086949
DGT ,0.000057966
SA  ,0.00223169
JNR ,0.0001449149
KCD ,0.0001159319
AHA ,0.0007680492
ASV ,0.000028983
PNM ,0.000086949
RUM ,0.000057966
KLH ,0.000028983
SAR ,0.000028983
WND ,0.000057966
POE ,0.0001014405
NNO ,0.0002028809
GTW ,7.24574674665974E-005
BRPT,1.44914934933195E-005
KJT ,0.0010433875
KAH ,0.0001014405
PVRD,0.0001738979
JPG ,0.000086949
MHAD,0.000028983
HMI ,0.000028983
BHTR,0.0002028809
KPP ,0.0002753384
BHTN,0.000028983
ZRDE,0.000086949
BHTL,0.000057966
R   ,0.0020433006
BHTK,0.0001159319
KRV ,0.000028983
MNO ,7.24574674665974E-005
CTH ,0.000086949
JP  ,0.0024925369
RWJ ,0.000057966
JRW ,0.000028983
KND ,0.0001594064
VINH,0.000057966
VPT ,0.0008405066
CKK ,0.000028983
PVR ,0.0002318639
RNR ,0.0005072023
GDV ,0.0004492363
BVH ,0.0003912703
GTM ,7.24574674665974E-005
KNDP,0.000028983
JRWN,0.000057966
KNDI,1.44914934933195E-005
CTF ,0.000057966
MSO ,0.000028983
BHT ,0.000028983
PHA ,0.0003043214
AMG ,0.0002028809
PP  ,7.24574674665974E-005
HDB ,0.000086949
CE  ,0.000057966
BPRS,0.000028983
BPA ,0.0005361853
JAMA,0.000028983
GMDN,0.000028983
BOG ,0.000057966
ANGL,0.0006231342
BTD ,0.0002898299
NPNR,0.0002463554
LMO ,0.000028983
AXK ,0.000028983
RGM ,0.000086949
SHNR,0.0001738979
RJT ,0.001144828
KDN ,0.000057966
BTR ,0.000028983
KHRS,0.000028983
SHNX,0.000057966
GGN ,0.0008839811
ANKX,0.0005216938
TDU ,0.0004927108
SHNG,1.44914934933195E-005
AVD ,4.34744804799585E-005
SLN ,0.0007245747
VND ,0.000057966
SQR ,0.000057966
DDA ,0.0001159319
CTTP,0.000028983
SAD ,0.000086949
NEO ,0.0001159319
PFM ,0.0003333044
MLY ,0.0002608469
MET ,0.0002753384
VLD ,0.000028983
BJRI,0.0002173724
DSA ,0.0004927108
TFGN,0.000028983
PPR ,0.0001014405
LLGM,0.000028983
SONI,0.000057966
CPDR,0.000057966
NGO ,0.0005796597
RG  ,0.000028983
DNX ,0.000028983
JSME,0.0016810132
HRR ,0.0005361853
PMU ,0.000028983
DKJR,0.000028983
LSE ,1.44914934933195E-005
BJR ,0.000028983
BDY ,0.000028983
PPD ,0.000057966
CPD ,0.0001014405
SFG ,0.000086949
DSS ,0.0004782193
RMH ,0.000057966
SADP,0.0002028809
BWN ,0.002202707
DNV ,0.000057966
GANG,0.000057966
VNB ,0.000028983
GJL ,0.0003188129
JSM ,0.0002173724
CEL ,0.000057966
GANL,0.000028983
NCR ,0.000086949
SJN ,0.0001304234
KN  ,0.000028983
YSI ,0.000028983
JIA ,1.44914934933195E-005
RTI ,0.000057966
BCU ,0.0001159319
KDNL,0.000028983
CTT ,0.000028983
FA  ,0.001115845
NRPD,0.000028983
EKR ,0.000057966
TRL ,0.0005072023
MLK ,0.000086949
SWC ,4.34744804799585E-005
RKD ,0.0001594064
FDK ,0.0002028809
KMH ,0.000028983
AMC ,0.000028983
BLPE,0.000028983
TAA ,0.000028983
RTG ,1.44914934933195E-005
DNDI,0.000057966
ARJ ,0.0005941512
TGM ,0.000057966
NIR ,0.0001304234
ROZA,0.0002898299
LTA ,0.0001014405
SVX ,0.000086949
CLVR,0.000028983
BUP ,0.0004927108
EKI ,0.0001159319
MPH ,0.000057966
GCT ,0.0004347448
NMZ ,0.0002318639
DWK ,0.0004347448
BFE ,1.44914934933195E-005
NNGE,0.000057966
KTKH,0.000057966
DIR ,0.000028983
KTKL,0.000028983
KOL ,0.000057966
KTKA,1.44914934933195E-005
DBY ,0.000028983
GLY ,0.000028983
SJP ,0.0009854216
GOL ,0.0001883894
JUC ,0.0013042344
KOLR,0.000028983
TSF ,0.000028983
NMT ,0.000086949
SBI ,0.0005216938
WKI ,0.0004492363
KSX ,0.0001449149
NZD ,0.0001449149
TR  ,0.000086949
AKR ,0.000086949
MOF ,0.0001014405
IPM ,0.0003912703
DND ,0.0001014405
CPJ ,0.0002318639
SPT ,0.0005361853
TMV ,0.0004637278
YLM ,0.0004347448
ANT ,0.000028983
SDE ,0.0001449149
VAT ,0.000057966
NIRA,0.0001014405
BUPH,0.000028983
MKRH,0.000028983
KTV ,0.0002463554
LGCE,0.000028983
DING,0.000028983
URK ,1.44914934933195E-005
MNP ,0.0003043214
CLD ,1.44914934933195E-005
BWR ,0.000086949
CHTI,4.34744804799585E-005
DCU ,0.000028983
SMR ,0.0002318639
KWE ,0.000057966
NPS ,0.0001159319
MRHT,0.0001159319
LXR ,0.000028983
SKB ,0.0006086427
PUE ,0.000028983
KTYM,0.0009854216
SRR ,0.0016230473
MTDM,0.000028983
RAL ,0.000057966
PLNI,0.000028983
ALNI,1.44914934933195E-005
WRS ,0.000057966
SHR ,0.0004782193
DMNJ,0.000086949
HEM ,0.0001159319
SNSI,0.0003188129
MCPE,0.000028983
NBL ,0.0001594064
UKC ,0.000057966
ANND,0.0024490624
BXR ,0.0012172855
KGA ,0.0001304234
ISA ,0.0001594064
DMN ,0.0004347448
TGQ ,0.0001159319
SNS ,1.44914934933195E-005
SALI,0.000028983
BNW ,0.0002318639
NIDI,0.000028983
KGW ,0.000057966
ALN ,1.44914934933195E-005
KRCD,0.000028983
KIUL,0.0019418601
JPV ,0.0001014405
KPA ,0.000057966
JKB ,0.000028983
DPE ,0.000028983
CNPR,0.000057966
BOR ,0.0005506768
BRWD,0.0003333044
NDPU,7.24574674665974E-005
JAJ ,0.0015216068
BKJ ,0.000086949
DXN ,0.0001449149
GNP ,0.0001738979
ROHA,0.0003333044
RAIR,0.0003912703
RRGA,1.44914934933195E-005
GRL ,0.0001159319
VDN ,4.34744804799585E-005
MTD ,0.001028896
NH  ,0.0006811002
STJT,1.44914934933195E-005
SRRG,0.000028983
CLDY,0.0002173724
BMR ,0.000028983
HQR ,0.000028983
KSP ,0.000028983
MOZ ,0.0006376257
DGW ,0.000028983
MB  ,0.0028403327
BMD ,0.0001159319
UREN,0.000086949
PC  ,0.0003622873
DDCE,0.000057966
BPP ,0.0006666087
CBSA,0.000086949
KNGN,0.000086949
BRG ,0.000057966
ITA ,0.000086949
JKPR,0.000057966
SNM ,0.000057966
KDQ ,0.000028983
SGS ,7.24574674665974E-005
KUTL,0.000028983
KEG ,0.000057966
SASR,0.000086949
AHN ,0.000028983
RFJ ,0.0002463554
HAS ,0.0002318639
JOA ,0.000086949
FSP ,0.0001159319
NHLN,0.000057966
GDM ,0.000028983
SKP ,0.0002318639
CAR ,0.0005361853
SASN,0.0002028809
VJP ,0.000057966
JON ,0.000028983
JAT ,0.0014926238
VRG ,0.000057966
SKPT,0.000028983
AAM ,0.000028983
KLYT,0.000028983
RUL ,0.000028983
NRO ,0.000028983
LSX ,7.24574674665974E-005
SAS ,0.000028983
VJPJ,0.0002608469
CLO ,0.000028983
DGI ,0.0001014405
SKPI,0.000028983
RHMA,0.000057966
BRGT,0.000028983
BRGW,0.000028983
THMR,0.000028983
CMZ ,0.000086949
BLZ ,0.0001738979
GPH ,0.0001738979
FHT ,0.000028983
AGI ,0.0001449149
DPW ,0.000057966
JPD ,0.000028983
PAO ,0.0001449149
MXO ,0.000028983
KAWR,0.0007245747
BRGA,0.0006086427
MHV ,0.000028983
RDP ,0.000057966
BMN ,0.000028983
GDG ,0.0005506768
BRGL,1.44914934933195E-005
HAA ,0.000028983
AKV ,0.001057879
DVG ,0.0007100832
BQP ,0.000028983
MULK,0.0001449149
MGLE,0.000028983
PRKE,0.000028983
PRKD,0.000028983
CBE ,0.0017969452
VTM ,0.0001449149
NGNT,0.0001883894
ODC ,0.000028983
TET ,0.000057966
BVI ,0.0017389792
MGLP,1.44914934933195E-005
SCI ,0.0001449149
VBR ,0.000086949
OPL ,0.000028983
AUBR,0.0005072023
PSV ,0.000057966
CIT ,0.000086949
BHU ,0.000028983
NGP ,0.0035214329
KTJ ,0.000057966
RWH ,0.000028983
KJW ,0.000028983
BPF ,0.0001883894
DHRY,0.000028983
MDPB,0.000057966
BTSD,4.34744804799585E-005
BDZ ,0.000057966
SAL ,1.44914934933195E-005
NMKL,0.000086949
BOF ,0.0001159319
NJP ,0.0018259282
KUTI,0.000028983
BDHY,0.000028983
RGL ,0.0002173724
BDHT,1.44914934933195E-005
NANR,0.000028983
PCQ ,0.000028983
SSM ,0.0008260151
PKF ,0.000086949
KDM ,0.0002898299
BKTL,4.34744804799585E-005
BPRH,1.44914934933195E-005
MKS ,0.000028983
SUNR,0.0011303365
NAN ,0.000057966
LKMN,0.000057966
BTS ,0.0001159319
CMDP,0.000028983
BDH ,0.000057966
BTU ,0.000057966
MPY ,0.000057966
SLM ,0.000028983
MYG ,0.0002898299
LKMR,0.000086949
RGB ,0.000028983
LPH ,0.000057966
KOJ ,0.0007680492
KBA ,0.000028983
NMK ,0.0001449149
WKA ,0.000028983
TBV ,7.24574674665974E-005
PTKP,0.000028983
KLE ,0.000028983
HKL ,0.000028983
AUB ,0.0003477958
FK  ,0.0005072023
VLE ,0.000057966
JBN ,0.000057966
FTS ,0.000086949
LPN ,0.000028983
SRX ,1.44914934933195E-005
DHU ,0.000057966
PTKC,0.0013332174
BHUJ,0.0002318639
PFR ,0.0001449149
DHRJ,0.000028983
KJI ,0.000086949
CKHS,0.000028983
CPU ,0.0004202533
NGN ,0.0003043214
RGPM,0.000028983
HRS ,0.0003622873
DHG ,0.0002898299
JRS ,0.000028983
BGHI,0.000086949
SOG ,0.0002608469
BUA ,0.0001449149
PMT ,0.000086949
OTR ,1.44914934933195E-005
DNW ,0.000028983
BARH,0.0008694896
KO  ,0.000086949
BARL,4.34744804799585E-005
BWM ,0.0005796597
CEM ,0.000057966
RNE ,0.000086949
BATL,0.0001738979
FTD ,0.000028983
DMK ,0.000028983
CTS ,0.000028983
VKA ,0.000028983
NLS ,0.000028983
BSM ,0.000028983
KNP ,0.000086949
BCT ,0.0006231342
MSZ ,0.0002028809
CSA ,0.0002028809
KYX ,4.34744804799585E-005
BJMD,0.000086949
TIW ,0.0001014405
SHM ,0.0003767788
MJBK,0.0001159319
KMI ,0.000057966
HSA ,0.0001449149
PASA,0.0001449149
RLL ,0.000028983
MLV ,0.0001449149
SWR ,0.0001449149
MNC ,0.000028983
BHI ,0.000028983
KID ,0.000057966
TGL ,0.000057966
SHC ,0.0001738979
SWD ,0.000057966
KDTR,0.000057966
SHMI,0.000028983
CNA ,0.0002318639
GADH,0.000028983
IDH ,0.0002898299
TKJ ,0.0004347448
MJBT,0.000028983
LXA ,0.000028983
MDB ,4.34744804799585E-005
BOZ ,0.000028983
KONN,1.44914934933195E-005
GAYA,0.0014491493
BIO ,0.000057966
RGP ,0.000086949
BAR ,0.000028983
QSR ,0.000028983
ULB ,0.0002028809
TMGN,0.000028983
GEA ,4.34744804799585E-005
SOGR,0.000057966
PGP ,0.000028983
BBAI,7.24574674665974E-005
GNO ,0.000057966
DNWH,0.000057966
TSA ,4.34744804799585E-005
HN  ,0.000086949
ULT ,0.0001883894
KRBP,0.0002318639
JMG ,0.000057966
BELA,0.000086949
KTCR,0.000028983
KRBA,0.0001014405
DBL ,4.34744804799585E-005
MOG ,0.0001014405
KRBO,0.000028983
HGH ,0.0001159319
ANI ,0.000057966
LNR ,4.34744804799585E-005
BXM ,0.000028983
AKU ,0.000028983
IPL ,0.0001014405
GQL ,0.0001014405
LGB ,0.000028983
JVN ,0.0004927108
MWT ,0.000057966
SDRA,0.000028983
LJR ,0.0001014405
BGZ ,0.0004782193
BGHU,0.000028983
LLJ ,0.000028983
SPK ,0.000057966
JOM ,0.000057966
SMSR,0.000028983
SDD ,0.000057966
DLI ,0.0018404197
PDP ,0.000057966
SGV ,0.000057966
KYJ ,0.0013622004
ADVI,0.000086949
BGH ,7.24574674665974E-005
GAM ,0.0001159319
DNEA,0.000028983
KUU ,0.0001159319
UDM ,0.000057966
PBD ,0.000028983
NLI ,0.000057966
SMAE,1.44914934933195E-005
HPG ,0.000028983
SRU ,0.0002173724
SNN ,0.000028983
WRR ,0.0002173724
BSAE,0.000028983
SMRR,4.34744804799585E-005
AKN ,0.0002608469
LKD ,0.000028983
LTT ,0.0018404197
APT ,0.0003477958
KIV ,0.000028983
RBA ,0.000057966
CNS ,0.0001159319
DBLA,0.000028983
HHD ,0.000028983
VLG ,0.000028983
VGE ,4.34744804799585E-005
AD  ,0.0007825406
BQM ,0.000028983
SBHR,0.000086949
SRGT,0.000086949
HW  ,0.0009564386
TKHE,0.000057966
TGP ,0.000028983
RBS ,0.000086949
IDGH,0.000028983
DMM ,0.0012752514
MGVK,0.000028983
HMRR,0.000057966
DTVL,0.000057966
MCQ ,0.000057966
PLO ,0.0003912703
NKE ,0.0002608469
DAVM,0.000028983
SRGM,0.0003912703
BLM ,0.0004202533
JKA ,0.000057966
GNS ,0.0001304234
DMV ,0.0006231342
PDY ,0.0002608469
SBZ ,0.0001738979
NCH ,0.000057966
GRO ,0.000028983
DUN ,0.000028983
MRG ,0.000028983
SNLR,0.000057966
BKI ,0.0008549981
CAA ,0.0002028809
ABD ,0.000057966
MOI ,0.000057966
BMU ,0.000028983
BMGM,0.000028983
AKP ,0.0010144045
GRY ,0.0001594064
NUJ ,0.000028983
BKG ,0.0001159319
JNA ,0.0001014405
MRGA,0.0004347448
HIJ ,0.0004057618
UAA ,0.000028983
GNST,1.44914934933195E-005
PEN ,0.000057966
CSZ ,0.000086949
KDP ,0.0002608469
SGP ,0.0002173724
RTGH,0.0002318639
NNE ,0.000028983
BPQ ,0.0016810132
SNL ,0.000057966
KRSA,0.000028983
VAK ,0.0007680492
UHP ,0.0003912703
SGBJ,0.000028983
BZU ,0.0012172855
CJM ,0.0001883894
KRTH,0.000028983
UMN ,0.000028983
NK  ,0.0019273686
NIIJ,0.000057966
BLMR,0.000028983
DHI ,0.000057966
AN  ,0.0005796597
VD  ,0.000057966
SNRR,0.000057966
SI  ,0.000057966
BLMK,0.000028983
AQG ,0.0001594064
KLX ,0.000028983
CHI ,0.0005506768
KHH ,0.000028983
TELO,1.44914934933195E-005
NPL ,0.000057966
BNS ,0.000028983
PTZ ,0.000057966
BRRG,0.0003767788
BTBR,0.000028983
KSNG,0.0006086427
VRH ,0.000028983
DAD ,0.000028983
RPAR,0.0001738979
SAT ,0.000057966
KUN ,0.0006955917
RPAN,0.000086949
KLV ,7.24574674665974E-005
GRRU,0.0001883894
KAJ ,0.000057966
VLT ,0.000028983
GTST,1.44914934933195E-005
PCN ,0.000057966
PLY ,0.0001449149
GBE ,1.44914934933195E-005
MVE ,0.000028983
JPE ,0.0002463554
KPV ,0.0002028809
URD ,0.0001449149
MNSR,0.0001159319
MHQ ,0.000057966
KASU,0.000057966
PAN ,0.0003622873
SED ,0.000028983
PVPT,0.0003622873
DVD ,0.0014056749
UGWE,0.000057966
LKU ,0.0003188129
SID ,0.0003477958
HUP ,0.0008115236
PVP ,0.0004637278
CVP ,0.0007825406
DEL ,4.34744804799585E-005
VPR ,0.0001159319
CKI ,0.0005216938
IJK ,0.0004927108
AMY ,0.000028983
DDV ,1.44914934933195E-005
RNT ,0.000028983
MOGA,0.000057966
VPDA,4.34744804799585E-005
GTS ,0.0002463554
MJS ,0.0001014405
KSV ,0.0003622873
JMQ ,0.000028983
RWO ,0.000028983
NBM ,0.000057966
BNSA,0.000028983
RKSN,0.0002898299
VDS ,0.0003188129
VN  ,0.0003188129
AME ,0.0006811002
JYP ,0.0001159319
KSN ,0.0002318639
DGHR,0.000028983
BRR ,0.0002608469
TBAE,0.000028983
CRU ,0.0001014405
OBR ,0.0001883894
KAJG,7.24574674665974E-005
DGHA,0.0002318639
KTK ,0.000028983
PARD,7.24574674665974E-005
KZQ ,0.000028983
BDI ,0.000086949
MDS ,0.0003622873
KDL ,0.000028983
NCB ,0.0010723705
UR  ,0.000086949
DXK ,0.000028983
BTP ,0.0001738979
BSLE,0.000028983
NMJ ,0.0001159319
LPI ,0.0004202533
JMS ,0.000057966
PTK ,0.0002463554
PBA ,0.000057966
KUX ,4.34744804799585E-005
HRPG,0.000057966
ML  ,1.44914934933195E-005
KLD ,0.0008115236
PRH ,0.000086949
KSE ,0.000057966
HRB ,0.0001159319
MMZ ,0.000028983
MLMR,0.0008984726
SF  ,0.000028983
MUM ,0.000028983
PPT ,0.0002608469
CPT ,0.0003043214
KPTN,0.0001738979
HPLE,0.000028983
RMJK,0.000028983
KJH ,0.0003767788
MLM ,0.000028983
TTZ ,0.000057966
KKHT,0.000057966
KLDI,0.000057966
MGME,0.000057966
CGN ,0.0001594064
TPJ ,0.0012317769
PYG ,0.000028983
DNT ,0.000028983
AMRO,0.0006376257
TIHU,0.000028983
MBI ,0.0002318639
BWL ,7.24574674665974E-005
GWS ,0.000028983
VWA ,0.000028983
VNRD,0.000028983
BOKR,0.000057966
TEL ,0.0012897429
CRY ,0.0003188129
SIQ ,1.44914934933195E-005
UKN ,0.000028983
BYPL,0.0001449149
ETM ,0.000057966
BOKE,0.000057966
BTPD,0.000057966
MJA ,0.0001883894
RKB ,0.0003767788
TRB ,0.000028983
BSL ,0.0035938904
KDLR,0.000028983
KKI ,0.0001594064
RNH ,0.000086949
URML,0.000028983
SMBX,0.0004057618
IAA ,0.0003043214
BURN,0.0002463554
TAO ,0.000028983
EN  ,0.000028983
KMJ ,0.000028983
KL  ,0.0001738979
SMBL,0.000086949
SMBJ,0.0003477958
JTO ,0.000086949
PDU ,0.000086949
BJN ,0.000028983
BBU ,0.0007970321
SGKM,0.000028983
GWM ,0.000057966
MDE ,0.0001014405
NAC ,0.0002463554
USD ,0.0001014405
MPJ ,1.44914934933195E-005
GRF ,0.000028983
MFQ ,0.000028983
ET  ,0.0037967713
AIA ,0.000028983
APL ,0.000028983
MYX ,0.000057966
GHNH,0.000028983
MBL ,1.44914934933195E-005
MMD ,0.000057966
HBLN,0.000028983
MQE ,4.34744804799585E-005
NMDA,0.000057966
JHS ,0.0031446541
BLRD,0.000028983
DKLU,0.000028983
SNAR,0.000028983
KKW ,0.0003477958
BQR ,0.000086949
PPTA,0.000057966
BJNR,0.0003333044
BGY ,0.000028983
CPH ,0.0006955917
TMT ,0.000028983
HLKT,0.000057966
SPJ ,0.0014781323
GCH ,0.000057966
BHNS,0.000028983
BLD ,0.0001594064
TVI ,0.000086949
OKHA,0.0004347448
ZN  ,0.0004492363
MQX ,0.000057966
ABKP,0.000086949
SPX ,0.000028983
UDL ,0.0006231342
SML ,0.0001449149
PWS ,0.0002028809
LHU ,0.0001449149
SRT ,0.0007390662
ABKA,0.0002173724
SILO,0.000028983
MAJN,0.0008549981
KMD ,0.0001159319
MBY ,0.0001738979
KIW ,1.44914934933195E-005
DMLE,0.000028983
DRWN,0.000057966
KRE ,0.0002318639
GBX ,7.24574674665974E-005
TGA ,0.000057966
KPGM,0.0001159319
PIP ,0.0001449149
MMM ,0.0001449149
BXP ,0.000086949
KGG ,0.0008694896
NKDO,0.000057966
SVD ,0.000086949
AK  ,0.0016375388
DRW ,0.000028983
ZBD ,0.0002898299
BCOB,0.0003767788
TP  ,0.000086949
DML ,0.000028983
PSX ,0.000086949
JNH ,0.0005506768
DHN ,0.0014781323
KRW ,0.000028983
BAMA,0.000028983
NKD ,0.0001883894
AKOR,0.000086949
RBL ,0.0008549981
AKOT,0.000057966
KMDR,1.44914934933195E-005
KPG ,0.0010433875
AGY ,7.24574674665974E-005
NBP ,1.44914934933195E-005
PUD ,4.34744804799585E-005
MRJ ,0.0009129641
GGJ ,0.0003043214
BKH ,0.000086949
DIL ,0.000057966
CHZ ,0.0001304234
SIL ,0.0004347448
SOAE,0.000028983
JLD ,0.0002318639
SMLG,0.000028983
GRN ,0.000028983
SRTL,0.0004202533
BMT ,0.0005216938
KTW ,0.000086949
NKW ,0.000028983
LKS ,0.0002318639
KOO ,0.0005506768
YGD ,0.000028983
CHH ,0.000086949
JLR ,0.0001738979
ASH ,7.24574674665974E-005
GNA ,0.000086949
BMF ,0.0001738979
PEM ,0.000086949
ANVT,0.0007680492
DMBR,1.44914934933195E-005
MHPE,0.000028983
NBPH,1.44914934933195E-005
RJK ,0.0001883894
CNL ,0.000028983
MQN ,1.44914934933195E-005
JONR,4.34744804799585E-005
KEA ,0.000057966
YNK ,0.0006231342
KNW ,0.0018114367
CJL ,4.34744804799585E-005
BNTL,0.000086949
SRF ,0.000086949
RSNR,0.000028983
FKB ,4.34744804799585E-005
BNT ,0.0002608469
MNL ,0.000086949
BLDA,0.0001738979
NLR ,0.002202707
MEP ,0.0001594064
PHR ,0.0005361853
KCC ,0.0001304234
VRI ,0.0007680492
VTA ,0.000057966
KLU ,0.0001449149
SAU ,0.0001304234
FYZ ,1.44914934933195E-005
UNL ,7.24574674665974E-005
RCJ ,0.000028983
GD  ,0.0013911834
NRA ,0.000028983
MVD ,0.000028983
SV  ,0.0008839811
KRY ,0.0001449149
GBD ,0.0002898299
AO  ,0.0003188129
VG  ,0.0014781323
DNRP,0.000028983
DDE ,0.0002318639
BRAG,0.000086949
BLX ,7.24574674665974E-005
SEE ,0.001028896
INDM,0.000057966
WP  ,0.000028983
MWY ,0.000028983
MRTY,0.000057966
KAYR,0.000028983
BRAM,1.44914934933195E-005
SUH ,4.34744804799585E-005
CT  ,0.0003188129
MCN ,0.000057966
GVL ,0.000086949
CDG ,0.0009129641
GVB ,0.000028983
LDA ,4.34744804799585E-005
JGD ,0.000057966
FSR ,1.44914934933195E-005
KBQ ,0.000028983
RNU ,0.000028983
CBG ,0.000028983
CTC ,0.0020288091
ITR ,0.0002173724
DJG ,0.0001159319
JRL ,0.000028983
CJ  ,0.000057966
BDVT,0.0001449149
LKO ,0.0034634669
SIP ,0.0004057618
KDKN,4.34744804799585E-005
MDRR,0.000028983
BRS ,0.0003333044
SLKR,0.0001159319
THY ,0.000028983
KJY ,4.34744804799585E-005
PRDP,0.000057966
MQO ,0.000057966
NGLT,0.000028983
KANJ,0.000057966
TMKA,0.000028983
BPD ,4.34744804799585E-005
BDVL,4.34744804799585E-005
BOD ,0.000086949
ATPA,0.000028983
BTC ,0.0001014405
AMLI,0.000057966
MD  ,1.44914934933195E-005
AMH ,0.0003767788
BDXX,0.000028983
BYS ,0.000028983
KXL ,0.000028983
HMR ,0.000028983
JHL ,0.0005651682
UCR ,0.0002028809
BOJ ,0.0001159319
PIT ,0.000028983
SSKA,0.000028983
ATP ,0.0011013535
BBTR,0.000057966
PHD ,0.0003477958
KAP ,4.34744804799585E-005
CIV ,0.000057966
VI  ,0.000028983
SAG ,0.0003912703
JL  ,0.0020433006
JMPT,0.000057966
TIG ,0.0008405066
TBT ,0.0001449149
WSE ,0.000028983
MJRI,0.0002173724
TPY ,0.000057966
DHW ,0.0001014405
CDGR,0.0002028809
TTI ,0.000028983
DSB ,4.34744804799585E-005
CGY ,0.0004347448
BKTH,0.000028983
FDN ,4.34744804799585E-005
GOC ,4.34744804799585E-005
GZM ,0.000028983
HLZ ,0.000057966
NMGT,1.44914934933195E-005
JOR ,0.0001159319
TPK ,0.000028983
NMGY,0.000028983
SOD ,0.0002028809
VLI ,0.0001014405
RMM ,0.0002318639
PPG ,4.34744804799585E-005
MDDP,0.0001159319
TOI ,0.000057966
RSA ,0.000028983
DWLE,0.000028983
DSL ,0.000028983
HX  ,0.0006376257
RJAP,1.44914934933195E-005
HAR ,4.34744804799585E-005
ADF ,0.000028983
VNM ,0.000028983
BAB ,0.0003622873
CKD ,0.000086949
LOA ,4.34744804799585E-005
LPJ ,0.000086949
JGJ ,0.000057966
HLDD,0.000057966
RNG ,0.0006955917
PG  ,0.000086949
KCT ,0.000028983
MRND,7.24574674665974E-005
BSYA,4.34744804799585E-005
AHLR,0.000028983
ROB ,0.000057966
SHAN,1.44914934933195E-005
HLDR,0.0001014405
BU  ,0.0001304234
PGR ,0.0001738979
CHRA,0.000028983
JGJN,0.000028983
DAV ,7.24574674665974E-005
CKDL,0.000086949
TAN ,0.0002173724
BSKH,0.000028983
JTL ,0.000028983
BABR,0.000028983
AJU ,0.000028983
BSKO,0.000028983
LTD ,0.000057966
TGN ,0.0001738979
UIH ,0.000028983
KIF ,0.000028983
DBA ,0.0005072023
TME ,0.000086949
DEOR,0.000057966
DEOS,0.0010144045
BTJ ,0.000057966
NAB ,0.000057966
AL  ,0.0002028809
KTSH,0.000057966
ULD ,7.24574674665974E-005
MPU ,7.24574674665974E-005
DTV ,0.000057966
SLY ,0.000057966
MYK ,0.000057966
HRN ,1.44914934933195E-005
MRTL,0.000028983
JUR ,0.000028983
DKY ,0.000028983
DQR ,0.000028983
KTHD,1.44914934933195E-005
TDL ,0.0014346579
JUD ,0.0009129641
MYY ,0.0001159319
GNC ,0.000086949
KTHU,0.0008984726
JJG ,0.0001449149
SVGA,0.0002028809
DBB ,0.000057966
KMEZ,0.000028983
KRDL,0.000028983
BUU ,0.000028983
KEPR,0.0001014405
MUV ,0.0003622873
MNM ,0.0002898299
CNC ,0.000057966
TPE ,1.44914934933195E-005
MAN ,0.0005796597
PDRD,0.000028983
GMM ,0.000028983
BXC ,0.000028983
BWA ,0.000028983
BEK ,1.44914934933195E-005
DLK ,0.0004202533
OSN ,0.0001594064
SMC ,0.0001014405
SDB ,0.0004637278
CW  ,4.34744804799585E-005
SDPN,1.44914934933195E-005
SIPR,1.44914934933195E-005
KGD ,1.44914934933195E-005
WZJ ,0.000028983
BWW ,0.000057966
LGDH,4.34744804799585E-005
MHO ,0.000028983
PDR ,0.000028983
BIY ,0.0001304234
SDBH,0.000028983
STW ,0.0001449149
BD  ,0.0013332174
BIG ,0.0002028809
CCK ,0.000028983
KTH ,0.0002028809
GUD ,0.000057966
ETP ,0.000028983
PJB ,0.000028983
TDLE,0.000057966
GUNA,0.0007245747
KRD ,0.0004927108
AGL ,0.000028983
CJW ,4.34744804799585E-005
LTV ,0.000057966
MLTR,0.000028983
ALY ,0.0003622873
SVG ,0.000028983
KKTA,0.000028983
JUDW,0.0003043214
AEL ,0.000028983
KNVT,0.0001449149
PTS ,0.000057966
NG  ,0.000028983
KD  ,0.000028983
ANKL,0.0001449149
WDM ,0.0001449149
AXR ,1.44914934933195E-005
BNCE,0.0003477958
PLI ,1.44914934933195E-005
HAPA,0.0007825406
KHNM,0.0002028809
UKH ,0.000057966
MCS ,0.0002318639
BLK ,7.24574674665974E-005
NBQ ,0.0013622004
SKA ,0.000028983
PSLI,1.44914934933195E-005
MMS ,0.000057966
ZW  ,0.000028983
SRW ,0.000028983
DWP ,0.0003622873
GNU ,0.0002173724
MRE ,4.34744804799585E-005
CHOK,0.000028983
NRPA,0.000028983
GZH ,0.0001738979
MNTT,0.000028983
GRI ,0.000028983
SIM ,4.34744804799585E-005
TQA ,0.000028983
LKR ,0.0007245747
GLA ,0.000086949
TUN ,0.0003333044
PNSA,0.000028983
HGT ,0.0004927108
JAQ ,0.000028983
FGSB,0.000028983
SOL ,0.000086949
SRWN,0.000028983
MWRN,1.44914934933195E-005
GB  ,0.0001883894
NRP ,0.0002318639
NUD ,0.0001159319
PGRL,0.0003767788
TUNI,0.0008694896
CLDR,0.000028983
FLK ,0.0001449149
GMIA,0.000086949
SSA ,0.000086949
BMI ,0.0001738979
COA ,0.0001594064
AKRD,4.34744804799585E-005
ANK ,0.0001449149
TGRL,0.000028983
MAKM,0.0001159319
GGC ,0.0007100832
PNME,0.0007100832
NYO ,0.000086949
FUT ,0.0009274556
AF  ,0.0007535577
KEB ,7.24574674665974E-005
BDVR,0.000028983
BNC ,0.0010144045
PBP ,0.000057966
FKA ,0.000028983
KHN ,1.44914934933195E-005
SRI ,0.000057966
MAKR,0.0002898299
DRTP,0.000086949
INJ ,0.000028983
BNU ,0.0001304234
PUT ,0.0002898299
NS  ,0.0001449149
TKD ,0.0002753384
DAB ,0.0002898299
LKNA,0.000028983
BRLY,0.000028983
POA ,0.000057966
BDYK,0.000028983
BRLA,0.000028983
KTES,0.0001738979
KUH ,0.0004492363
KLT ,0.000086949
SAV ,0.000028983
LONI,0.0001159319
NSVP,1.44914934933195E-005
DRZ ,0.000028983
MAY ,0.0001014405
CDH ,0.000057966
TNL ,0.000057966
KYI ,0.000057966
CMU ,0.0002173724
BLY ,1.44914934933195E-005
JKM ,7.24574674665974E-005
LDP ,0.000028983
DPR ,0.0002173724
JRMG,7.24574674665974E-005
JKO ,0.000028983
DLGN,0.0001594064
AGD ,0.000057966
KBPR,0.000086949
JRLI,0.000057966
MLC ,0.000057966
NDKD,0.0003767788
YDM ,4.34744804799585E-005
PLU ,0.000057966
SEP ,1.44914934933195E-005
CVR ,0.000057966
SDS ,0.000028983
VID ,0.000086949
LMC ,0.000028983
BVL ,7.24574674665974E-005
CBF ,0.0015795728
KWO ,0.0001883894
GKJ ,0.000057966
KSI ,0.000028983
MNQ ,0.000057966
RNV ,0.0001159319
GDZ ,0.000028983
KAL ,0.000028983
NHK ,0.0001449149
DABN,0.0001159319
WST ,0.000028983
AH  ,0.0004782193
FLR ,0.000057966
HDN ,0.0001449149
DKT ,1.44914934933195E-005
LKN ,0.0001738979
MXN ,0.0005651682
SWM ,0.0018404197
ULNR,0.000086949
KZA ,0.000057966
GPI ,0.000057966
SHZ ,0.000086949
NLV ,0.000086949
HVD ,0.000086949
UCA ,0.0001014405
GGM ,0.000028983
LIN ,0.000028983
KJJ ,0.000028983
GAJ ,0.0001159319
RJP ,0.0005072023
BYR ,1.44914934933195E-005
PKK ,0.000028983
HWH ,0.0033330435
AMI ,0.0001594064
TMC ,1.44914934933195E-005
MDU ,0.001115845
PANP,0.0002318639
CTPE,0.000028983
MHOW,0.000057966
BDW ,4.34744804799585E-005
SLJ ,0.000028983
BAMR,0.000028983
TVR ,0.0002028809
MSK ,0.0001738979
MGAE,0.000057966
VLNK,0.000057966
MGL ,0.000028983
HRNR,0.0001883894
DIH ,0.000057966
DTL ,0.000057966
GZB ,0.0024780454
PRDH,1.44914934933195E-005
KLB ,0.000086949
TRR ,0.000086949
TPTY,0.0016085558
PRDL,0.0001304234
SKQ ,1.44914934933195E-005
SOJN,0.0002028809
MUK ,0.000057966
JOC ,0.0002753384
CRJ ,0.0012752514
ME  ,0.000028983
CGLA,4.34744804799585E-005
CU  ,0.000057966
TPTN,0.000028983
WSJ ,0.0001449149
DNRE,0.000057966
TPZ ,0.0002173724
DHPR,4.34744804799585E-005
TIT ,0.000028983
SOP ,1.44914934933195E-005
GZL ,0.000086949
MLO ,0.0001449149
DSO ,0.0002608469
TPT ,0.0003767788
CGL ,0.0010433875
DNR ,0.0012752514
BRBS,4.34744804799585E-005
GJH ,0.000028983
PPH ,0.000028983
SFC ,0.0001014405
NASP,0.000057966
RPUR,0.0001159319
BDWS,0.000057966
RJPM,0.000028983
ATS ,0.000086949
JRC ,0.0016955047
TLT ,0.000028983
NSD ,0.0002753384
RJPB,0.0011303365
BBGN,0.000028983
BAM ,0.0017389792
PAP ,0.0003043214
KVK ,0.0001304234
REWA,0.0002608469
KQT ,0.0001159319
BDWD,0.0001738979
KGBS,0.000028983
BMRN,4.34744804799585E-005
BDWA,7.24574674665974E-005
HSP ,0.000028983
KDJR,0.000057966
BDWL,0.000086949
KMZ ,0.0005361853
APN ,0.000028983
ADST,1.44914934933195E-005
SJT ,0.000057966
BVP ,0.0001159319
CNBI,1.44914934933195E-005
VKT ,0.000028983
HDE ,0.000057966
RVKH,0.000057966
BSX ,0.0006086427
ARN ,0.000028983
KMT ,0.0012462684
BHL ,0.0004782193
HJI ,0.0004492363
BGAE,0.000028983
HBJ ,0.0013477089
SDAH,0.0007825406
REJ ,0.000086949
DKN ,4.34744804799585E-005
RGU ,7.24574674665974E-005
AVN ,0.000028983
GED ,0.000086949
DWO ,0.0001449149
MIQ ,0.000028983
DKNT,0.0001304234
BRDA,0.000028983
JSG ,0.0013622004
KHC ,0.000057966
NMP ,0.0003043214
ORH ,0.000028983
GHLE,0.000028983
ATMO,0.0001159319
TUNG,0.000086949
GEDE,0.000057966
CNB ,0.0041010927
SRID,0.0003622873
BUT ,0.0001159319
PAE ,0.000028983
BHLP,0.0001738979
MUW ,0.000086949
CPN ,0.000028983
NYK ,0.000028983
SVT ,4.34744804799585E-005
MWW ,0.000028983
ARNA,0.000028983
BHLE,0.000028983
SFM ,0.0002173724
ULG ,0.000057966
BHLA,1.44914934933195E-005
FBD ,0.0003767788
HPP ,0.0002173724
KMTI,7.24574674665974E-005
TMZ ,0.0002608469
MMPL,0.000028983
SWO ,0.000028983
BQN ,0.000028983
KJ  ,0.000028983
SKND,0.000057966
HDL ,0.000028983
KYM ,0.0001159319
NIV ,0.000028983
BGM ,0.0005651682
MRDD,0.000057966
SINI,0.0002898299
UDN ,0.0005506768
SYJ ,0.0001159319
MMPR,0.000028983
SINA,0.000028983
DMRT,0.000028983
KKU ,0.0001449149
WDLN,0.000057966
PNBE,0.0027678753
UA  ,0.000028983
SHV ,7.24574674665974E-005
MAHE,0.0003767788
RVD ,0.000028983
SGAM,0.000057966
PLJE,0.000057966
BEA ,0.0003477958
NDT ,0.000086949
ALJN,0.001086862
LKBL,0.000057966
TGU ,4.34744804799585E-005
DRU ,0.0004347448
PNB ,0.000028983
BG  ,0.0002608469
BEAS,0.0011303365
ALJ ,1.44914934933195E-005
VVA ,7.24574674665974E-005
NDZ ,0.000028983
TEA ,0.0002028809
DPA ,0.0006521172
PLJ ,0.0002173724
NKJ ,7.24574674665974E-005
PUS ,0.0001159319
FGR ,0.0001449149
RMPB,0.000028983
HDA ,0.0001159319
TSL ,0.000028983
MKA ,0.0015360983
SKN ,0.0001159319
JJR ,0.0001014405
BOE ,0.0009854216
JLY ,0.000028983
MOL ,0.000086949
CUK ,0.0001449149
ABI ,0.000028983
BGMR,7.24574674665974E-005
MRR ,0.0002173724
PUO ,0.000057966
KHM ,0.000028983
KFI ,0.000028983
RHA ,0.0001449149
PSO ,4.34744804799585E-005
WAIR,1.44914934933195E-005
BRC ,0.0043184651
PNP ,0.0011883025
GPZ ,0.000028983
MTJ ,0.0024780454
MHRG,0.0001738979
BMH ,0.0002028809
NYN ,0.0004057618
BLH ,1.44914934933195E-005
SMX ,1.44914934933195E-005
MDGR,0.0001304234
BNVD,0.000086949
LHA ,0.0001304234
IRP ,0.000028983
STD ,0.000057966
AWR ,0.0008694896
CJN ,0.0001159319
TCN ,0.000028983
TKU ,0.000028983
KEMR,4.34744804799585E-005
DAS ,0.000028983
PTWA,0.000028983
SEY ,0.000028983
VDI ,0.000028983
BNDP,0.000086949
GPDE,0.000028983
TKG ,0.000057966
JUP ,1.44914934933195E-005
BZR ,0.0001159319
MXK ,0.000028983
KEM ,0.0001159319
NPK ,0.000028983
KKGM,0.000028983
BNV ,0.0001159319
PTU ,0.0004637278
KCA ,0.000028983
JUL ,0.000028983
CRKR,1.44914934933195E-005
SAW ,0.0002028809
QLD ,0.0004347448
KHS ,0.0002898299
BNDM,0.0002318639
JLS ,0.000086949
SNI ,0.0001304234
SQQ ,1.44914934933195E-005
MAG ,0.0002608469
RNJD,0.000086949
KHMA,0.000028983
CHNN,0.000028983
MVJ ,0.0004202533
BR  ,0.000028983
DPS ,0.0001159319
PLD ,0.000057966
TNM ,0.0001594064
PNPL,0.000057966
MRL ,0.0001883894
VYA ,0.0002753384
SEG ,0.0004927108
NYP ,0.0002898299
PCU ,0.000028983
CUX ,0.000057966
MSDN,0.000057966
RMGM,0.0003188129
KLAR,0.0001594064
SKGH,7.24574674665974E-005
RPD ,0.0001304234
STBJ,0.000028983
PUA ,0.000057966
JKZ ,0.000028983
ODG ,0.0001738979
ST  ,0.0038692288
PAA ,0.0001159319
PRWD,0.000028983
BNXR,0.0001883894
GKK ,0.000057966
KRNT,0.0007245747
RNW ,0.000028983
TLC ,0.000028983
LMN ,0.0001449149
NUQ ,0.0001738979
HYT ,0.0001738979
SIR ,0.0006955917
JDI ,0.000057966
RWL ,0.0002028809
NVU ,0.000028983
TJP ,4.34744804799585E-005
NHH ,0.0005216938
BME ,0.0001449149
AMX ,0.000057966
PDA ,1.44914934933195E-005
KSM ,0.000028983
BRM ,0.000086949
NJT ,0.000057966
NR  ,0.0001594064
KZK ,0.0001883894
BYC ,7.24574674665974E-005
VGT ,0.000057966
KJM ,0.001173811
BRMT,0.000028983
KAMG,0.000057966
EKC ,0.0001449149
RJQ ,0.000057966
GOP ,0.000028983
TUX ,0.000057966
MGM ,0.000057966
KDI ,0.000028983
BRMO,0.000057966
RPZ ,0.0003622873
SSIA,0.000028983
TA  ,0.0002608469
BVM ,0.000028983
SCE ,0.000028983
SUJH,0.0001159319
AAG ,0.000028983
POR ,0.000028983
VYK ,4.34744804799585E-005
YPR ,0.0020722836
BHLK,0.0002028809
SAHL,0.000028983
VRM ,0.000028983
CKTD,0.0003043214
BIJR,0.000057966
GDYA,0.0006231342
VLY ,0.0003333044
TIS ,0.000086949
MKH ,0.0001014405
GZO ,0.000086949
SPDR,0.000057966
GVD ,0.0001014405
TRA ,4.34744804799585E-005
EKMA,0.0001594064
MLN ,7.24574674665974E-005
SRPM,0.000057966
RKO ,0.000028983
JOP ,0.0003477958
SPF ,0.000028983
MVG ,0.000028983
TOK ,0.0003477958
AY  ,0.0006086427
TPU ,0.000028983
PYD ,4.34744804799585E-005
DEHR,0.0001159319
HNMN,4.34744804799585E-005
YA  ,0.0006086427
MBF ,0.000028983
HUK ,1.44914934933195E-005
ATR ,0.000057966
KKDI,0.0002318639
KOAA,0.0009129641
LMP ,4.34744804799585E-005
SLI ,0.0005216938
CKB ,0.0001449149
GRMP,0.000057966
J   ,0.0006955917
DBRG,0.0003767788
MHN ,0.000028983
RRB ,0.0007245747
KKDE,0.0007100832
KKZ ,0.000028983
KVDU,0.000028983
BHME,0.000057966
RNY ,0.0008405066
DBRT,0.000057966
PQA ,4.34744804799585E-005
MJN ,0.000028983
RRL ,0.000028983
BVQ ,0.0001014405
BALE,0.000028983
DBR ,0.0002173724
GHX ,0.000086949
ATRU,0.000057966
PSE ,4.34744804799585E-005
KMU ,0.0003477958
SHG ,0.0007680492
BALU,0.0009129641
BALR,0.000028983
HMT ,0.000028983
MLNH,0.000028983
SCH ,0.0001304234
EKM ,0.0001159319
TISI,0.000057966
PPO ,0.000086949
KPNA,0.000057966
NCU ,0.000028983
DQN ,0.0001159319
SRJM,0.000057966
KNT ,0.0001159319
DSNI,0.000057966
BFJ ,0.000028983
SLW ,0.0001304234
TRAN,0.000028983
PSR ,0.000057966
SKS ,0.000086949
KKRD,7.24574674665974E-005
MDH ,0.000028983
MPA ,0.000086949
BPZ ,0.000057966
HGL ,0.000057966
KKRM,4.34744804799585E-005
MID ,0.0001304234
RAY ,0.0001304234
GUP ,0.000057966
TDN ,0.000057966
MRDL,0.000057966
MKP ,0.001173811
PRF ,0.0001594064
MRM ,0.000028983
KIR ,0.0011013535
STUR,0.000086949
PBR ,0.0002028809
MUT ,0.0002463554
FDB ,0.001057879
BUW ,0.0001738979
ADR ,0.000028983
LNN ,0.0001014405
BXA ,0.000028983
SPO ,0.000028983
GWL ,0.0020577921
ABFC,0.000028983
LEDO,0.000028983
SVA ,0.0002173724
BIX ,0.000057966
LGH ,0.0002898299
GJUT,0.0001738979
NMM ,0.000028983
PUMU,0.000057966
TMQ ,0.0001159319
NBA ,0.0002173724
ADRA,0.0006376257
PDL ,0.000086949
KYN ,0.0036808393
SMWA,0.000028983
IPPM,0.000028983
TCL ,0.000028983
SMO ,0.0001738979
KER ,0.000057966
MAHO,0.000028983
BIWK,1.44914934933195E-005
HNS ,0.000057966
TAZ ,7.24574674665974E-005
SBLT,0.0001883894
DOS ,0.0009419471
MKPT,0.000028983
HNA ,0.0002173724
ABZ ,0.000057966
BOT ,0.000028983
SHU ,0.0001304234
NDU ,0.000028983
PURI,0.0011883025
DRD ,0.0005361853
KNPS,0.000028983
TUL ,0.000028983
ARQ ,0.000057966
TK  ,0.0007970321
KTT ,0.000086949
NIM ,0.000028983
KPDH,0.000028983
TKH ,0.000028983
PNC ,0.0017099962
SGF ,0.0001159319
SRKI,0.000028983
WDS ,0.000028983
MAI ,0.0001159319
KRH ,0.0004782193
PLK ,0.000028983
NKI ,4.34744804799585E-005
DMRX,0.0001159319
VVB ,0.000057966
JAC ,0.000028983
BIA ,0.0001159319
CCI ,0.000028983
PUNE,0.0030142306
SBPD,0.0003477958
SRY ,0.000028983
DWR ,0.0007680492
JAA ,0.0002608469
ERN ,0.0011593195
CSTM,0.0014636408
BMKI,0.0002898299
TLWA,0.000028983
JHD ,0.0002318639
HOJ ,0.000028983
KQN ,0.0003912703
ASKN,0.0004057618
SBPY,0.0001449149
DUB ,0.0001159319
FKG ,0.0004202533
CAER,0.0001449149
RAKL,0.000028983
LDE ,0.000086949
GHQ ,0.0001738979
KCP ,0.000028983
SBP ,0.0008839811
RS  ,0.000028983
NRR ,0.000057966
MOMU,0.000057966
SUMR,0.000028983
HG  ,0.0003043214
ASK ,0.0008984726
DUBH,0.000028983
MTM ,0.0001304234
RLA ,0.000028983
BMK ,0.000057966
SIOB,0.0004927108
VDA ,0.0001159319
VMD ,0.000086949
MIPM,0.0001449149
MMK ,0.0001014405
LD  ,0.0006231342
BZM ,0.0001738979
KRIH,0.000028983
PAR ,0.0009274556
ALER,0.0002608469
OGL ,0.002202707
BNE ,0.000028983
GLGT,0.000028983
KRG ,0.0001014405
LHB ,0.000028983
VNK ,0.0001014405
DAR ,1.44914934933195E-005
DL  ,0.000086949
KGF ,0.000028983
KANO,4.34744804799585E-005
CUPJ,0.0002608469
CTR ,0.000028983
ANG ,0.0008405066
DGLE,0.0001594064
HMH ,0.0002318639
CSDR,0.000028983
HAD ,0.0002898299
SCT ,0.000028983
KSU ,0.000028983
NRDP,0.000057966
KLOD,0.000057966
BRNA,0.000057966
BRND,0.0001738979
RJI ,0.000028983
KCN ,1.44914934933195E-005
CYN ,0.000028983
HKP ,0.000028983
KMX ,0.000057966
SNH ,0.000028983
PNQ ,0.0002753384
GGO ,0.000028983
DMG ,4.34744804799585E-005
NKR ,0.000057966
MVI ,0.000057966
ORGA,0.000057966
BVNR,4.34744804799585E-005
TNA ,0.0021157581
VMU ,0.000057966
PJGM,0.000028983
BFT ,0.000057966
CMW ,0.000057966
GLG ,0.0001304234
CVB ,4.34744804799585E-005
MWX ,7.24574674665974E-005
SUKU,0.000028983
BLW ,4.34744804799585E-005
CMA ,0.000028983
SGZ ,0.0005651682
DMGN,0.000028983
SOA ,0.000086949
MCI ,0.0007245747
SSF ,0.000028983
PLW ,4.34744804799585E-005
GVG ,0.0001594064
KTGA,0.000028983
MS  ,0.0012607599
GKH ,0.0002898299
MCA ,0.0003333044
KIM ,0.0002318639
HM  ,7.24574674665974E-005
TLD ,0.0004492363
CKU ,0.0002028809
BVN ,0.000028983
MXT ,0.000057966
VRLR,4.34744804799585E-005
KLQ ,0.000028983
MMY ,0.000086949
KLRS,7.24574674665974E-005
BNWC,0.000028983
GA  ,0.000028983
RCG ,1.44914934933195E-005
KCNR,0.000028983
MNAE,0.0001014405
KSJ ,0.0002898299
BRN ,1.44914934933195E-005
KHRK,0.000028983
KJZ ,0.000057966
DSD ,4.34744804799585E-005
JTW ,0.0002028809
HWX ,0.000028983
NWD ,0.000057966
KLRE,0.0001883894
BPK ,0.000028983
BBA ,0.000057966
HIR ,0.0001449149
KZU ,0.000028983
NWR ,0.000057966
GAD ,1.44914934933195E-005
NGI ,0.000028983
HCR ,0.0002463554
REI ,7.24574674665974E-005
RJR ,0.0001159319
BYL ,0.0002463554
KQD ,4.34744804799585E-005
KXA ,0.000028983
PAVP,0.000057966
HSRA,0.0003043214
NBR ,0.0001159319
MDW ,0.0001159319
JMU ,0.0005651682
VBW ,0.0001159319
GDX ,0.000028983
KNL ,0.000057966
RMNP,0.0001014405
SAO ,4.34744804799585E-005
SALE,0.0002173724
TVP ,0.0002608469
PRT ,0.000057966
CRL ,0.000057966
MUGA,0.000057966
TTL ,0.000028983
JBK ,0.000086949
BUDI,0.0002028809
KRGA,0.000028983
KUT ,0.000028983
AJE ,0.0001449149
GILL,0.000028983
TIR ,0.0010144045
MSW ,0.0002028809
PHI ,0.000028983
PRB ,0.0001304234
SPC ,0.000057966
MXL ,0.000028983
DHRR,0.0001159319
GZN ,0.0001159319
LOL ,0.000028983
AADR,0.000028983
BUD ,0.000086949
KNLS,0.000086949
BCA ,0.0002173724
KNLP,0.000028983
DNA ,0.0007825406
LNA ,0.000028983
SOH ,0.0004782193
AAL ,0.0002753384
PRTL,0.000057966
KWI ,0.000028983
SLH ,0.000086949
RJA ,0.0001159319
GVI ,0.000028983
CCH ,0.0002318639
GADJ,0.0007535577
BAO ,4.34744804799585E-005
PAV ,0.0001014405
BFY ,0.000028983
KDHA,0.000057966
KVU ,0.0002318639
TLV ,0.000086949
RMD ,0.0002318639
KDHI,7.24574674665974E-005
DJX ,0.000028983
BHTA,0.0001159319
HSR ,0.0002608469
BAY ,0.0004637278
KVG ,0.000057966
GNT ,0.0008405066
CI  ,0.000086949
SEGM,0.0009709301
DHNE,0.0008405066
RNL ,0.000057966
BDTS,0.001173811
DYE ,0.000028983
HSD ,7.24574674665974E-005
OYR ,0.0001304234
RTA ,0.0004927108
KMV ,0.000086949
MFL ,7.24574674665974E-005
HLG ,0.000028983
PDGL,0.000028983
SET ,0.000028983
LAE ,0.000028983
SHF ,0.000057966
CLPE,0.000028983
FLD ,0.000028983
FM  ,0.000057966
GJJ ,0.000086949
EKN ,0.000028983
DWD ,7.24574674665974E-005
NGG ,0.0002173724
BDC ,0.0013042344
BMLL,0.000028983
MJF ,0.0003477958
GHJ ,0.000057966
MDKU,0.000028983
TSR ,7.24574674665974E-005
MOB ,0.000028983
MFKA,0.0003188129
WEL ,0.000057966
BSS ,0.000028983
GGT ,4.34744804799585E-005
JRA ,7.24574674665974E-005
PKQ ,0.000028983
TMX ,0.000057966
DKZ ,0.0002753384
SMNE,0.000057966
KGX ,0.000028983
KQR ,0.0009129641
DLN ,0.0005941512
IKI ,1.44914934933195E-005
AJRE,0.000028983
TDO ,0.0002608469
PRI ,1.44914934933195E-005
BDCR,0.000086949
JHW ,0.0001738979
SMNH,0.000086949
SBO ,0.0001159319
KKET,0.000028983
RRME,0.000057966
TAKU,0.000028983
CRP ,0.0005216938
PDT ,0.000086949
IDG ,0.0005216938
SN  ,1.44914934933195E-005
KVGM,0.000028983
CPL ,0.000028983
CHBT,0.000028983
AGR ,0.000057966
BVRT,0.0003622873
BHBK,0.000028983
SPN ,0.0013911834
DNN ,4.34744804799585E-005
SBM ,0.000028983
YLK ,0.000028983
DER ,0.000028983
MLD ,0.0001159319
BJD ,0.0001304234
PTJ ,0.0008694896
KUP ,0.000028983
BUX ,7.24574674665974E-005
SFY ,0.0003477958
HNM ,0.000028983
RMR ,0.0001738979
BWT ,0.0010144045
BGS ,0.0007245747
UBL ,0.0012172855
KWR ,0.0001159319
SKLR,0.000086949
NTZ ,0.000057966
CLR ,0.0002173724
TPF ,0.000057966
AWB ,0.0007245747
MRBL,0.000057966
PGI ,0.0004637278
ARPL,1.44914934933195E-005
KQE ,0.000028983
ULL ,0.000028983
APR ,0.0008839811
NDD ,0.0008260151
BCK ,0.000057966
KTE ,0.0020143176
GATD,0.0003912703
UNK ,0.000028983
NILE,0.0001594064
JTY ,0.000028983
MONR,0.000028983
GLP ,0.0001594064
SHRD,0.000028983
MANG,0.000028983
TGE ,0.000028983
EVA ,0.000028983
MANK,0.000028983
SEN ,0.000028983
GLPT,0.0005361853
DOD ,7.24574674665974E-005
SHTT,0.000028983
MON ,0.0001159319
NIL ,0.000028983
PPJ ,0.000028983
KNO ,0.000028983
JNL ,0.0001738979
SGG ,0.0006376257
KHTG,7.24574674665974E-005
GHY ,0.0012462684
SRUR,4.34744804799585E-005
MTY ,0.0003333044
MCU ,0.000086949
KIKA,1.44914934933195E-005
DMP ,0.000086949
EE  ,0.0017824537
ALD ,0.0028548242
SYL ,0.000057966
KYOP,0.000028983
BEW ,0.000057966
SLR ,0.000086949
ZNA ,0.0003477958
KESR,0.000028983
RMRB,0.000057966
MKC ,0.0008549981
BGSF,0.000028983
MRB ,0.0001304234
CWA ,0.0001594064
MIL ,0.0001304234
WDR ,0.000057966
DUA ,0.0001594064
CAF ,0.000028983
TQN ,0.000028983
NDNI,4.34744804799585E-005
SNKL,0.000028983
SGUJ,0.0003043214
SRJ ,0.0003043214
TNKU,0.0002753384
MLAR,4.34744804799585E-005
BLTR,0.0003043214
CHL ,7.24574674665974E-005
CUE ,0.000028983
PNVL,0.0011593195
SGUD,1.44914934933195E-005
OEA ,0.000057966
ASL ,4.34744804799585E-005
HVM ,0.000028983
RHG ,0.0002753384
THKU,0.000028983
NRS ,0.000086949
GRD ,0.000057966
BRB ,0.000028983
VRL ,0.0002028809
BYD ,0.000057966
PSA ,0.0011883025
BLAX,0.000057966
MRN ,4.34744804799585E-005
DPC ,0.000028983
BGA ,0.000028983
VGN ,0.0001014405
ANH ,0.0001449149
RDL ,0.0003767788
KPK ,7.24574674665974E-005
MQR ,0.0002028809
SMZ ,0.0001883894
AAY ,0.000086949
CCT ,0.0002898299
YNG ,1.44914934933195E-005
PUU ,0.000028983
YFP ,0.0002898299
LGL ,0.0001449149
KNE ,0.0016955047
ANF ,0.000086949
KPKD,0.000086949
GDI ,0.000028983
KNSR,0.000057966
HBL ,0.000057966
AWM ,0.000028983
NPI ,0.000028983
TVC ,0.0012462684
TKWD,4.34744804799585E-005
BRDH,1.44914934933195E-005
DWZ ,0.000028983
GRJA,0.000028983
PHV ,1.44914934933195E-005
NTSK,0.0004202533
KGN ,0.0001159319
CHLK,0.000057966
SZB ,0.000028983
NDN ,0.0001159319
DUJ ,0.000028983
RUPC,0.0002608469
SNK ,0.0001449149
SKZR,0.0011883025
MVH ,0.000028983
RBZ ,0.000057966
VVM ,0.0001159319
PSAE,0.000028983
KPY ,0.0004782193
MRPR,0.0002173724
MLJ ,0.000057966
LS  ,0.0003043214
OTP ,0.0005796597
KI  ,0.000086949
MME ,0.000028983
PLP ,0.0002463554
MKU ,0.0008115236
RPJ ,0.0008549981
GIMB,0.0004927108
BTO ,0.000057966
PVU ,0.0003188129
UND ,1.44914934933195E-005
MQL ,0.0001014405
JPL ,0.0001738979
WJR ,0.0002608469
CKR ,0.000057966
KVZ ,0.0005506768
CBK ,0.0001738979
TLE ,0.000028983
DJKR,0.000028983
MGRL,0.000057966
KUK ,0.000057966
NRE ,0.0002608469
RUB ,1.44914934933195E-005
RCTC,0.000028983
CHB ,0.000028983
AKE ,0.0001159319
BRYA,0.0007390662
MDVR,1.44914934933195E-005
DGO ,0.0001738979
NAD ,0.0015650813
MDVK,1.44914934933195E-005
KSK ,0.000028983
BDRL,0.000057966
MDVL,0.000057966
AMLA,0.0006666087
BPH ,0.0001738979
BE  ,0.0023476219
KZTW,4.34744804799585E-005
KZB ,0.000028983
NGHW,1.44914934933195E-005
PED ,0.000028983
DGA ,0.0003622873
LUSA,0.0001014405
BRY ,0.000028983
THUR,4.34744804799585E-005
GAE ,1.44914934933195E-005
RJS ,0.000057966
LKKD,0.000057966
PKL ,0.000057966
DGR ,0.0018838942
AML ,0.0001883894
BPHB,0.0005072023
BON ,0.000057966
KDG ,0.0002173724
BBPM,0.000028983
MEJ ,0.0005796597
BNZ ,0.0006376257
SCC ,0.0001159319
PUX ,7.24574674665974E-005
JBX ,7.24574674665974E-005
KBN ,1.44914934933195E-005
KOK ,1.44914934933195E-005
CTO ,0.0006521172
JMP ,0.0007970321
MAA ,0.000028983
DTO ,0.0004492363
TBH ,0.000028983
NMH ,0.0003622873
PAGM,0.000028983
BIDR,0.0002608469
BBY ,0.000028983
DHS ,0.000028983
NAT ,0.0001159319
GR  ,0.0009709301
CGS ,0.000086949
WADI,0.0009854216
CIL ,0.0001014405
MJL ,0.000028983
RTP ,0.000057966
SR  ,0.000028983
DIW ,1.44914934933195E-005
RKM ,0.0007970321
AJJ ,0.0015940643
BMC ,0.000086949
LAV ,0.0001449149
MUD ,0.0001159319
PPM ,0.000086949
KSWR,0.000028983
NPRD,0.000057966
MLP ,0.000057966
BVZ ,1.44914934933195E-005
BUG ,0.0002318639
RGD ,0.0001014405
FTG ,0.0001014405
BWX ,1.44914934933195E-005
GWA ,0.000028983
MHH ,0.0001159319
RECH,4.34744804799585E-005
WKRC,0.000028983
TLM ,0.000028983
RYP ,0.000028983
ERL ,0.0001738979
PAU ,0.001028896
ATNR,0.000028983
SGNR,0.0002463554
PDG ,0.000086949
RGDA,0.0006955917
TKR ,0.0001594064
AHD ,0.000028983
SLGH,0.000057966
BVRM,0.0001159319
NIU ,0.0001449149
SLGE,0.000028983
BWB ,0.000057966
WKR ,0.0007390662
UDR ,0.0001159319
KKB ,0.000028983
BAND,0.0005361853
VKI ,0.0002608469
DYD ,0.0002753384
FD  ,0.0008839811
SNVR,7.24574674665974E-005
BANI,0.000057966
DLJ ,0.0002463554
GGA ,0.0001738979
BHC ,0.0015795728
ADB ,0.0001449149
MLPR,0.0002753384
HTC ,0.0002608469
PRCA,0.000086949
DEC ,0.0009564386
KQW ,0.000028983
AFR ,0.000057966
QLM ,0.0002173724
BAGL,0.000028983
JSV ,4.34744804799585E-005
AVK ,0.000057966
FBG ,0.000057966
GNGD,0.000057966
JGN ,0.000057966
DAA ,0.0004927108
MKRA,0.000028983
DURG,0.0018404197
DLO ,0.0002028809
DURE,0.0004637278
ATL ,0.0002608469
HGR ,0.000057966
MDJ ,0.0001449149
KMAE,0.000028983
PWL ,0.0003622873
BIQ ,0.000028983
PIL ,0.0001449149
GUR ,0.0002318639
ARAG,0.000028983
JOL ,0.000028983
ADD ,0.000057966
MMA ,0.0002608469
KQU ,0.0001159319
MFJ ,0.000057966
PDNR,0.000028983
MKPR,1.44914934933195E-005
KUI ,0.000028983
SHE ,0.0001738979
BBK ,0.0011303365
JBP ,0.0023621134
BJK ,4.34744804799585E-005
CNO ,0.0001449149
DHO ,0.0005651682
VV  ,0.0001304234
RMC ,0.0001014405
PDNA,1.44914934933195E-005
LSG ,0.000028983
BGRA,1.44914934933195E-005
GTE ,0.000057966
JIND,0.0005361853
IPR ,0.000057966
GMA ,0.000086949
MOU ,0.0002318639
BEB ,0.0001449149
BJE ,0.0001449149
RMU ,0.0009419471
HP  ,0.000086949
MAM ,1.44914934933195E-005
SFX ,0.000028983
ALU ,0.0003912703
MST ,0.000028983
NRLR,0.0002608469
GMAN,7.24574674665974E-005
RANI,0.0003767788
GDQ ,0.000028983
UJ  ,0.000086949
LLR ,0.000057966
BZA ,0.0045358375
SZA ,0.000028983
LTHR,0.0003188129
DBF ,0.000028983
BCQ ,0.000057966
MDJN,0.000057966
GNG ,0.0004057618
AZR ,0.0002028809
KMA ,0.000028983
BOY ,0.0005361853
MDPD,0.000028983
HLR ,0.000028983
AKD ,0.0002753384
ARA ,0.0011593195
RSR ,0.0002028809
RMP ,7.24574674665974E-005
KTD ,0.000028983
DES ,0.0001304234
GHGL,0.000086949
UPR ,0.000086949
ON  ,0.0009419471
SDNR,0.000028983
MDR ,0.0004492363
TPH ,0.0002028809
KTR ,4.34744804799585E-005
JGR ,0.000057966
ARW ,4.34744804799585E-005
CLKA,0.0001449149
BHNE,0.000057966
KNRT,0.000057966
GLE ,0.000028983
LHLL,0.000028983
DRH ,0.0002898299
MAO ,0.0012317769
DAO ,0.000057966
HJP ,0.0014056749
BNGN,0.000057966
DMW ,0.000028983
BLGT,0.000086949
BLGR,0.0006086427
SGD ,0.0002028809
MIH ,0.000028983
SYM ,7.24574674665974E-005
KHBJ,0.000057966
CHNR,0.000057966
TSI ,0.000028983
KIP ,1.44914934933195E-005
PBN ,0.0009419471
RUSD,0.000086949
PBE ,0.000086949
RNGG,0.000028983
SRMR,0.000028983
RAU ,0.000057966
SKM ,0.0003912703
BRPL,0.0002028809
CHSM,0.000086949
BID ,0.0002318639
MKL ,0.000028983
MRA ,0.0007970321
GVR ,0.000028983
RAG ,0.000057966
KWB ,0.000028983
ALMR,0.000086949
CJR ,0.000028983
SBR ,0.0001883894
GHUM,0.0001738979
NRT ,0.0002898299
KAT ,0.0001594064
GRG ,0.0001014405
JAM ,0.0006811002
BKA ,0.000028983
UD  ,0.0008694896
KT  ,0.0003333044
LUNI,0.0006955917
BKSC,0.0008115236
SIC ,1.44914934933195E-005
MGB ,0.000028983
BANE,0.000057966
DIG ,0.0001159319
SVM ,0.0002028809
PDX ,1.44914934933195E-005
AKVD,0.0003622873
KTRH,0.000057966
DPL ,0.000028983
SGDP,0.000028983
BLG ,1.44914934933195E-005
KTRR,4.34744804799585E-005
SGDM,0.000028983
RDM ,0.0010144045
STA ,0.0019998261
MQS ,0.000028983
KRJD,0.000028983
BTQ ,0.000028983
VAA ,0.000028983
CJS ,0.000028983
ONR ,0.000057966
KUDL,0.0003188129
ANE ,0.000028983
BLU ,0.000028983
KLPG,0.000057966
CHM ,0.0001014405
KEH ,0.000086949
NNGL,0.000028983
URPR,0.0001014405
KLPM,0.000028983
BRHU,0.000028983
MRPL,0.000028983
GJD ,7.24574674665974E-005
PTP ,0.000057966
KAPE,0.000028983
KAPG,0.0001738979
RSI ,0.000057966
THVM,0.0003477958
MZH ,0.0001738979
KQQ ,1.44914934933195E-005
BANO,0.0001159319
VRN ,0.000028983
DAN ,0.000028983
PEH ,0.000028983
SNDD,0.0002028809
KGL ,0.000057966
UCB ,1.44914934933195E-005
BNDA,0.0003043214
DWV ,0.000057966
PQL ,0.000057966
HER ,0.000028983
KOP ,0.0003912703
RMN ,0.000028983
SWS ,1.44914934933195E-005
MVO ,0.0003767788
SGJ ,7.24574674665974E-005
SLGR,0.0004202533
ORAI,0.0007680492
PLG ,0.0003767788
URN ,0.000057966
CSB ,0.000028983
ELM ,0.000028983
SWA ,0.0001594064
RJB ,4.34744804799585E-005
MAS ,0.0025794858
PCV ,0.000028983
BTL ,0.000028983
PNWN,4.34744804799585E-005
RPK ,0.000057966
LMG ,0.0006521172
JPM ,1.44914934933195E-005
KSVM,0.000028983
BMKJ,0.000028983
DDL ,0.000057966
RRS ,0.000028983
CKS ,0.000028983
MCRD,0.000028983
THDR,0.0001159319
MBD ,0.000057966
KVS ,0.000028983
RK  ,0.0011013535
CHA ,0.000028983
HKR ,0.000057966
LUR ,0.0002898299
NUR ,0.0001738979
KSW ,0.000057966
KUD ,0.0002753384
MJY ,0.000028983
GOTN,0.0004782193
RKSH,0.000057966
SQE ,4.34744804799585E-005
MNGD,0.0005796597
NLPD,0.0001159319
CUR ,0.0002318639
KFD ,0.000057966
KZE ,0.0005796597
KDPR,0.0004637278
THV ,0.0002608469
NWB ,0.000028983
KSH ,0.0002318639
RU  ,0.0019708431
PFU ,0.000028983
NAWN,0.000028983
MWH ,1.44914934933195E-005
PPZ ,0.000028983
WR  ,0.0010433875
CGR ,0.0001594064
AB  ,0.0003622873
NWP ,0.0002608469
WDN ,0.000057966
KSF ,0.0001159319
MMB ,0.000028983
BRZ ,0.000086949
VKB ,0.0006376257
BYN ,0.0001449149
PKO ,0.0001449149
BHRL,0.000028983
DVL ,0.0006086427
JRI ,1.44914934933195E-005
SANR,4.34744804799585E-005
CBJ ,0.000057966
GTU ,0.000057966
GIN ,0.000057966
KNN ,0.0004492363
MNU ,0.000028983
TPPI,0.000028983
POO ,0.000057966
MNV ,0.0002898299
NSU ,4.34744804799585E-005
MINA,0.000057966
PRR ,0.0007100832
CRN ,0.0001014405
KUV ,0.000028983
MGS ,0.003376518
HOL ,0.000057966
VRR ,0.0001449149
SCN ,0.000028983
BGX ,0.000028983
GDPL,0.000028983
LAU ,0.0001159319
CTND,0.000086949
PHK ,0.0002898299
MKT ,0.000057966
KLNP,4.34744804799585E-005
JYM ,0.000028983
AJI ,0.0002173724
KLNK,0.000057966
RKL ,0.000028983
SAN ,0.0003477958
DJHR,0.000028983
TRVL,0.0009129641
MUE ,0.0006086427
SSR ,0.000028983
BOM ,0.000028983
PCX ,0.000057966
NDO ,0.0003622873
LOD ,0.000028983
KPD ,0.0025649943
KIK ,0.000086949
BYNR,0.0003477958
KOV ,0.0001594064
BVB ,0.000028983
JGM ,0.0002028809
INP ,0.000057966
SVDK,0.0002753384
ANMD,0.000028983
VTJ ,0.000086949
NSX ,0.000057966
RYS ,4.34744804799585E-005
SVPR,0.000028983
BFM ,0.0001449149
SLT ,0.000028983
VELI,0.000028983
KBH ,0.0001014405
KCI ,0.000086949
WANI,0.000028983
SHDM,0.0001449149
MKRD,0.000028983
LAUL,0.000028983
KMAH,0.000057966
PYOL,0.000057966
BSTP,0.000028983
RNN ,0.000057966
LVK ,1.44914934933195E-005
SVPI,0.0002608469
GTF ,0.000028983
VKH ,0.000057966
SVPM,0.000028983
CVJ ,0.000028983
GAP ,0.000028983
NGE ,0.000057966
SPLE,0.000028983
BBM ,0.0002463554
ERS ,0.0014056749
STSN,1.44914934933195E-005
NB  ,0.000028983
JMK ,0.000057966
SDMD,0.000028983
WENA,0.000057966
KKPM,0.000028983
MKRN,0.0001304234
GGD ,0.000057966
AONI,0.000028983
PKA ,0.000057966
NCJ ,0.0006811002
DKJ ,0.0004637278
DLPH,0.000028983
HPT ,0.0003767788
BWD ,0.000086949
TZR ,0.000086949
KSTE,0.000086949
GGR ,0.000028983
BBMN,0.0001159319
KSTH,7.24574674665974E-005
GDB ,0.0002173724
COO ,0.000028983
NVT ,0.000086949
SONR,0.000086949
DLP ,0.000028983
IKK ,1.44914934933195E-005
BDAG,1.44914934933195E-005
DKD ,0.0002608469
SDN ,0.0001594064
MYR ,0.001144828
PSL ,0.000028983
JTI ,0.0001594064
RKZ ,0.000028983
KUDA,0.0003767788
BST ,0.0011303365
KODI,0.000086949
GY  ,0.0012752514
DEB ,0.000086949
DHR ,1.44914934933195E-005
CRR ,0.0002318639
RJG ,0.0001159319
KRLS,1.44914934933195E-005
MXH ,0.000086949
BIM ,0.0003188129
BUH ,0.0003333044
SVV ,0.000028983
RMB ,0.000028983
VTN ,0.000028983
BJF ,0.000028983
MDPR,0.000028983
RMT ,0.0001594064
GNR ,4.34744804799585E-005
NBD ,0.0006086427
SMLA,0.000057966
BGQ ,0.000057966
BKRO,0.000057966
KGI ,0.0004637278
STR ,0.0005796597
PDO ,1.44914934933195E-005
BKRD,0.0001014405
AII ,0.0018114367
DBG ,0.0006955917
BAU ,0.0007825406
JMKT,0.0002173724
IGU ,0.000028983
KRMR,0.000028983
BNR ,0.0001449149
PGK ,0.0002318639
KRMI,0.0002608469
MALM,0.0006811002
MALK,0.000028983
ETW ,0.0008839811
YL  ,0.0001449149
MALB,0.0002028809
SWPR,0.0001594064
SRTN,0.000086949
FAN ,0.0001304234
APTA,0.000057966
WFD ,0.0001594064
CRLM,0.0001159319
PDZ ,0.000028983
PU  ,0.000028983
BXJ ,0.0002318639
ARV ,0.0001159319
JLN ,0.0001159319
KTQ ,0.0002608469
GDP ,0.000028983
PNF ,0.0001449149
MKSR,0.0001159319
KRPU,0.0001449149
SZR ,0.0001738979
SGE ,0.000086949
KMBL,0.0004347448
GBP ,0.000028983
DRI ,0.000028983
JNN ,0.000028983
DOTL,0.000028983
MRF ,0.000028983
DLB ,0.000086949
TDV ,0.000028983
MZP ,0.0021012666
NKX ,0.000028983
KWM ,0.0001449149
SYN ,0.0001159319
JM  ,0.0002318639
SKJ ,0.0001159319
MUR ,0.0007680492
MML ,0.0004202533
BRMD,0.000028983
VDL ,0.000086949
BC  ,0.000057966
VSG ,0.0002173724
JAB ,0.000086949
SPRD,0.0002608469
KTKR,1.44914934933195E-005
KDPA,0.000028983
JAN ,0.000028983
SRL ,0.000086949
NDLS,0.0034634669
PUK ,0.0001159319
DOHM,0.000028983
VDH ,7.24574674665974E-005
MLB ,0.0001159319
MABD,0.0006521172
GRX ,0.000028983
CDSL,0.000028983
MABA,0.0002753384
VSU ,0.0004057618
JAL ,0.000057966
JWO ,0.0001014405
RHE ,0.000086949
MOR ,0.0002028809
URMA,0.000028983
SAB ,0.000057966
ASN ,0.0027533838
MRT ,0.000086949
SHDR,0.000028983
ANDN,0.000057966
ANDI,7.24574674665974E-005
MSMD,0.0004057618
KDZ ,0.000086949
BGG ,0.000028983
KPI ,0.0001883894
CLJ ,0.0002028809
LNL ,0.0015795728
CLT ,0.0013332174
SDI ,0.000057966
ANV ,0.0007245747
TKQ ,0.000057966
BUI ,0.0008405066
MR  ,0.000028983
SMT ,0.0001014405
VPL ,0.000028983
BLR ,0.000057966
KAG ,0.000028983
AGA ,0.0001159319
ANVR,0.001144828
PTB ,0.0003477958
CKX ,0.000028983
KEI ,0.0003622873
SZ  ,0.000028983
VPO ,0.000057966
GDO ,0.000028983
JMD ,0.000057966
HMY ,0.000057966
SRJN,0.000028983
KURJ,0.000086949
DAM ,0.000028983
SAI ,0.000028983
SMTA,0.000028983
AHH ,0.0001304234
VMA ,0.0003477958
HZD ,0.0003477958
BILD,4.34744804799585E-005
CTA ,0.000086949
VDD ,0.0001883894
DOH ,0.000028983
TWB ,0.000028983
THE ,0.000057966
CHRG,0.000028983
GBB ,4.34744804799585E-005
PB  ,0.0003767788
JALD,4.34744804799585E-005
RURA,0.0002318639
NDL ,0.0002898299
CHRM,0.0001304234
SXP ,0.000028983
KHAT,0.000028983
SWF ,0.000057966
MAP ,0.0002028809
GPD ,0.000028983
NWA ,0.0001014405
MURI,0.0009709301
AGZ ,0.000028983
RPH ,0.0012317769
KAN ,0.000086949
GER ,7.24574674665974E-005
TLGP,0.000086949
PDPL,0.0002463554
BVA ,0.000057966
KXP ,0.000028983
CDA ,0.000057966
TUA ,0.000057966
DTAE,1.44914934933195E-005
TRS ,0.000057966
MGTD,0.000028983
KLMG,0.000057966
BL  ,0.0016520303
KCM ,0.000028983
DOA ,0.0001159319
NRG ,0.0002173724
PKNS,0.000057966
AVRD,0.000086949
AMBR,0.000028983
KUE ,0.0002028809
NHT ,0.0002463554
GPR ,0.000086949
GAGA,0.000028983
RCD ,0.000028983
KAQ ,1.44914934933195E-005
HDK ,0.000028983
LKE ,0.0002898299
OKA ,0.0001304234
MTP ,0.000057966
LSR ,0.0003767788
ASR ,0.0011883025
KLA ,1.44914934933195E-005
NRI ,0.0002753384
MURD,0.0001449149
DPZ ,0.000028983
JOB ,0.0003043214
DXD ,4.34744804799585E-005
MTPR,0.000028983
PMN ,0.000028983
HNL ,0.0003767788
SOY ,0.0001014405
VJA ,0.000057966
KSG ,0.0009854216
ND  ,0.0020722836
NRGR,0.000086949
AMB ,0.0002898299
DDR ,0.0003333044
MRDW,0.0002028809
CBM ,0.0002318639
GTT ,0.000028983
DUMK,0.000028983
BJO ,0.0001014405
CKP ,0.0008549981
JMV ,4.34744804799585E-005
JNRI,0.000028983
SNGN,0.000057966
NMD ,0.000028983
JRJ ,0.000028983
SNGR,0.000057966
BRJN,0.0002898299
SNGP,0.0001449149
NOMD,0.000057966
RT  ,0.000028983
TBN ,0.0002173724
NGS ,0.000028983
TNGL,0.0002898299
HAQ ,0.000028983
TIA ,0.000028983
VBL ,0.0004637278
BOW ,0.000028983
TKC ,0.000028983
SCO ,0.000086949
BSZ ,4.34744804799585E-005
BSE ,0.0001594064
BDNP,1.44914934933195E-005
KXI ,1.44914934933195E-005
MSR ,7.24574674665974E-005
BHS ,0.0009129641
HGI ,0.000057966
MOP ,0.000028983
GJ  ,0.000028983
BV  ,0.0002753384
WL  ,0.0019708431
MGF ,0.000057966
TPQ ,0.000028983
ROA ,0.000028983
BORA,0.000028983
BSPL,0.000028983
GNVR,0.000028983
MSH ,0.0012897429
SMI ,0.0002318639
LIG ,7.24574674665974E-005
BSI ,0.000028983
JEP ,1.44914934933195E-005
LMT ,0.0001738979
TTLA,0.000028983
RGJ ,0.000057966
MHJ ,0.0002028809
RMO ,0.000086949
ANY ,0.000028983
GOA ,0.000057966
KMQA,0.000028983
BVC ,0.0002318639
TDPR,0.0003188129
TLY ,0.0008694896
SLS ,0.000057966
MYM ,1.44914934933195E-005
KBK ,0.000028983
ATH ,0.0001159319
RLO ,0.000086949
NAVI,7.24574674665974E-005
BAZ ,0.0002608469
BDPL,0.000028983
GTJT,0.0001159319
TDP ,0.000028983
LPR ,0.000028983
CH  ,0.0004057618
DBV ,0.000028983
RNO ,0.000057966
CKNI,0.000028983
CLU ,0.0001014405
CMNR,0.000028983
BAHI,0.000028983
KMQ ,0.0001159319
HSI ,7.24574674665974E-005
NOQ ,0.0008984726
PAW ,0.000057966
KXG ,0.000057966
DSJ ,0.000086949
BBN ,0.000086949
MBB ,0.0001449149
MKR ,0.0001159319
PMP ,0.0001449149
KFV ,0.000028983
GP  ,0.0004202533
MWJ ,0.000057966
PTA ,0.0002173724
CPS ,0.0001014405
HDW ,0.0002318639
MKN ,0.0006376257
ADL ,0.000057966
KHRJ,0.0001159319
CEU ,1.44914934933195E-005
ISH ,4.34744804799585E-005
FZR ,0.0002608469
BDN ,0.000028983
MV  ,0.0004927108
HBG ,0.0001304234
JDB ,0.0001159319
REG ,0.000028983
TTW ,0.000057966
HPU ,0.0008984726
JUJA,0.000028983
DNM ,0.000057966
VNE ,0.000028983
UJP ,7.24574674665974E-005
MDL ,0.000028983
BWK ,0.000057966
PKR ,0.0006811002
MAD ,0.0002753384
VQD ,0.000028983
JTTN,0.000057966
SDL ,0.0007970321
DLQ ,0.000028983
HLK ,4.34744804799585E-005
TKE ,0.0001449149
PDE ,0.0001304234
ARGD,1.44914934933195E-005
BCHL,0.000028983
MYS ,0.0007535577
LKY ,0.000028983
MZL ,0.0001159319
GSP ,0.0001304234
SJL ,0.000028983
PDGN,0.000086949
GDE ,0.000057966
MDP ,0.0015795728
TRK ,0.000086949
RAJP,0.0001159319
KVM ,0.000086949
GOK ,0.0001449149
SHK ,0.000057966
PKPU,0.000057966
AP  ,0.000028983
CNI ,0.0003043214
BGPL,0.000028983
KGND,0.000028983
BER ,0.0006086427
MUP ,1.44914934933195E-005
BJU ,0.0018983856
SBNM,4.34744804799585E-005
CPA ,0.0003767788
SFH ,1.44914934933195E-005
MZM ,0.0001304234
MMR ,0.0026954178
DKDE,1.44914934933195E-005
KIN ,0.0001304234
IDR ,0.0002028809
ALW ,0.000028983
LLI ,0.000057966
BJG ,0.000028983
WTJ ,0.000086949
GSPR,0.0001159319
ADQ ,0.000028983
BJUD,4.34744804799585E-005
BQU ,0.000057966
TRKR,0.000028983
PDH ,0.0001738979
SUD ,0.000086949
CX  ,0.000028983
BGP ,0.0008115236
CC  ,0.0002173724
MLDT,0.0015795728
DKGS,0.000086949
FTP ,0.0004782193
WPR ,0.000086949
SDLP,0.0002463554
MDLM,1.44914934933195E-005
BAT ,0.0001304234
RA  ,0.000057966
PKRD,0.000028983
PKRA,0.000028983
DBD ,0.0003767788
MPML,0.000057966
BCH ,0.0006376257
MUG ,1.44914934933195E-005
NZM ,0.0025794858
KKN ,0.0002173724
KVJ ,0.000028983
HLAR,0.0001159319
DKGN,0.000028983
GLU ,0.000028983
POF ,1.44914934933195E-005
TKPY,0.000028983
TLU ,0.0001159319
MOO ,0.0002028809
ALAI,0.000028983
BHB ,0.000057966
PCH ,0.000028983
TAT ,0.000028983
AJK ,1.44914934933195E-005
MOA ,1.44914934933195E-005
UTL ,0.000057966
JNO ,7.24574674665974E-005
BAL ,0.0001159319
NIA ,0.0002753384
GYM ,0.0002173724
SMK ,0.0002173724
BAHL,0.000028983
BKSL,0.000057966
JRR ,1.44914934933195E-005
VP  ,0.000057966
MIN ,0.000028983
PBL ,0.000028983
SPZ ,0.0001594064
DLC ,0.000057966
RSYI,0.000057966
MK  ,0.000057966
UDGR,0.0002318639
TSK ,0.000028983
MRX ,0.000028983
AIT ,0.0001594064
SBB ,0.0003622873
MLZ ,0.0001159319
VHGN,0.000028983
MINJ,4.34744804799585E-005
LWR ,0.0003188129
SYA ,7.24574674665974E-005
RAA ,0.0001594064
SKY ,0.0001304234
FL  ,0.0012897429
SBT ,0.0002608469
PPN ,7.24574674665974E-005
SRO ,0.0001304234
SJNP,0.000086949
VST ,0.000028983
JAO ,0.0002173724
SXN ,0.000057966
NNW ,0.0001594064
SBBJ,0.000057966
GRA ,0.0001159319
NDJ ,1.44914934933195E-005
BKO ,7.24574674665974E-005
NTV ,0.000057966
RBK ,0.000057966
BQG ,0.0001159319
AED ,0.000028983
BIJ ,0.000057966
LJN ,0.001144828
KRLR,0.000086949
PN  ,0.000028983
MTHP,0.0001159319
TATA,0.0013911834
BXY ,4.34744804799585E-005
NKM ,0.0001159319
SAH ,0.0001304234
KRLI,0.000028983
SNX ,0.000057966
CLI ,0.000028983
MEM ,0.000057966
LHN ,0.000086949
MQQ ,0.000028983
DINR,0.0001159319
DPX ,0.000028983
KAI ,0.000028983
BLS ,0.0017824537
URL ,0.0002608469
KART,0.000057966
DGPP,0.000057966
LKDU,0.000028983
AWY ,0.0017534707
AGB ,0.000028983
ASAF,0.000028983
UMD ,0.0002898299
KEJ ,4.34744804799585E-005
SRAS,4.34744804799585E-005
RC  ,0.0008984726
NPD ,0.0001449149
RSG ,0.000057966
MNE ,0.0004492363
NDE ,1.44914934933195E-005
VDE ,0.000086949
TUV ,0.000028983
PSB ,0.0001304234
YG  ,0.0006955917
PNU ,0.0013911834
GPU ,0.000028983
PTRL,4.34744804799585E-005
BMO ,0.0001594064
KRJ ,0.0004347448
NED ,0.0010433875
BPY ,0.000057966
SNT ,0.0005651682
JPZ ,0.000028983
PLA ,0.000028983
BTJL,0.0004347448
KKD ,0.000057966
BCRD,4.34744804799585E-005
THP ,0.000057966
BPO ,0.000028983
DHND,4.34744804799585E-005
ORR ,0.000028983
APA ,0.000028983
INDB,0.0009854216
SNF ,0.0001449149
HWT ,0.000028983
SSB ,0.0004492363
TUVR,0.0001883894
SNTD,0.000086949
PSPY,0.000057966
CDRL,1.44914934933195E-005
NAW ,0.000086949
LDH ,0.0025505029
SUW ,0.000028983
DAPD,4.34744804799585E-005
KCJ ,0.000057966
BLSA,0.000086949
NNA ,0.0007245747
SNPR,0.000028983
DAL ,0.000086949
JKN ,0.0001594064
NEW ,0.0001159319
PTRU,0.0002173724
DTP ,1.44914934933195E-005
BLSN,0.000028983
RUR ,0.000086949
KFF ,7.24574674665974E-005
AJP ,4.34744804799585E-005
SIW ,1.44914934933195E-005
KAR ,0.000028983
NRX ,0.000028983
PAM ,0.000057966
TKBG,4.34744804799585E-005
INK ,0.000028983
SELU,0.0004637278
PTRD,0.0003043214
PTRE,4.34744804799585E-005
SNSL,0.000086949
JMT ,0.0003622873
TKBN,0.000028983
